<?xml version="1.0"?>
<Locations >
  <Project >
    <file_marker column=" 1" line=" 1" >
      <vfs_project />
      <vfs_file>/home/students/590850/Critical_Systems_Coursework/Coursework</vfs_file>
    </file_marker>
    <file_marker column=" 1" line=" 1" >
      <vfs_project />
      <vfs_file>/home/students/590850/Critical_Systems_Coursework/Coursework Submission/1/h/main.gpr</vfs_file>
    </file_marker>
    <file_marker column=" 1" line=" 1" >
      <vfs_project>/home/students/590850/Critical_Systems_Coursework/Coursework Submission/1/h/main.gpr</vfs_project>
      <vfs_file>/home/students/590850/Critical_Systems_Coursework/Coursework Submission/1/h/counter.adb</vfs_file>
    </file_marker>
    <file_marker column=" 1" line=" 1" >
      <vfs_project>/home/students/590850/Critical_Systems_Coursework/Coursework Submission/1/h/main.gpr</vfs_project>
      <vfs_file>/home/students/590850/Critical_Systems_Coursework/Coursework Submission/1/h/counter.ads</vfs_file>
    </file_marker>
    <file_marker column=" 1" line=" 1" >
      <vfs_project>/home/students/590850/Critical_Systems_Coursework/Coursework Submission/1/h/main.gpr</vfs_project>
      <vfs_file>/home/students/590850/Critical_Systems_Coursework/Coursework Submission/1/h/main.ads</vfs_file>
    </file_marker>
    <file_marker column=" 1" line=" 1" >
      <vfs_project />
      <vfs_file>/home/students/590850/Critical_Systems_Coursework/Coursework Submission/1/h/main.gpr</vfs_file>
    </file_marker>
    <file_marker column=" 1" line=" 1" >
      <vfs_project>/home/students/590850/Critical_Systems_Coursework/Coursework Submission/1/h/main.gpr</vfs_project>
      <vfs_file>/home/students/590850/Critical_Systems_Coursework/Coursework Submission/1/h/main.adb</vfs_file>
    </file_marker>
    <file_marker column=" 1" line=" 1" >
      <vfs_project />
      <vfs_file>/home/students/590850/Critical_Systems_Coursework/Coursework</vfs_file>
    </file_marker>
    <file_marker current="true" column=" 1" line=" 1" >
      <vfs_project />
      <vfs_file>/home/students/590850/Critical_Systems_Coursework/Coursework Submission/1/h/main.gpr</vfs_file>
    </file_marker>
  </Project>
  <Project >
    <file_marker column=" 1" line=" 1">
      <vfs_project >/home/students/590850/this_is_driving_me_crazy/question1clean/d/main.gpr</vfs_project>
      <vfs_file >/home/students/590850/this_is_driving_me_crazy/question1clean/d/counter.ads</vfs_file>
    </file_marker>
    <file_marker column=" 31" line=" 39">
      <vfs_project >/home/students/590850/this_is_driving_me_crazy/question1clean/d/main.gpr</vfs_project>
      <vfs_file >/home/students/590850/this_is_driving_me_crazy/question1clean/d/main.adb</vfs_file>
    </file_marker>
    <file_marker column=" 30" line=" 32">
      <vfs_project >/home/students/590850/this_is_driving_me_crazy/question1clean/d/main.gpr</vfs_project>
      <vfs_file >/home/students/590850/this_is_driving_me_crazy/question1clean/d/counter.adb</vfs_file>
    </file_marker>
    <file_marker column=" 1" line=" 1">
      <vfs_project  />
      <vfs_file >/home/students/590850/this_is_driving_me_crazy/question1clean/d/main.gpr</vfs_file>
    </file_marker>
    <file_marker column=" 21" line=" 38">
      <vfs_project >/home/students/590850/this_is_driving_me_crazy/question1clean/d/main.gpr</vfs_project>
      <vfs_file >/home/students/590850/this_is_driving_me_crazy/question1clean/d/counter.adb</vfs_file>
    </file_marker>
    <file_marker current="true" column=" 7" line=" 33">
      <vfs_project >/home/students/590850/this_is_driving_me_crazy/question1clean/d/main.gpr</vfs_project>
      <vfs_file >/home/students/590850/this_is_driving_me_crazy/question1clean/d/main.adb</vfs_file>
    </file_marker>
  </Project>
  <Project >
    <file_marker column=" 1" line=" 1">
      <vfs_project  />
      <vfs_file >/home/students/590850/this_is_driving_me_crazy/question1clean/d/main.gpr</vfs_file>
    </file_marker>
    <file_marker column=" 144" line=" 20">
      <vfs_project >/home/students/590850/this_is_driving_me_crazy/question1clean/d/main.gpr</vfs_project>
      <vfs_file >/home/students/590850/this_is_driving_me_crazy/question1clean/d/counter.ads</vfs_file>
    </file_marker>
    <file_marker column=" 31" line=" 40">
      <vfs_project >/home/students/590850/this_is_driving_me_crazy/question1clean/d/main.gpr</vfs_project>
      <vfs_file >/home/students/590850/this_is_driving_me_crazy/question1clean/d/main.adb</vfs_file>
    </file_marker>
    <file_marker column=" 1" line=" 1">
      <vfs_project  />
      <vfs_file >/home/students/590850/this_is_driving_me_crazy/question1clean/d/counter.ads</vfs_file>
    </file_marker>
    <file_marker current="true" column=" 1" line=" 1">
      <vfs_project  />
      <vfs_file >/home/students/590850/this_is_driving_me_crazy/question1clean/d/b__main.adb</vfs_file>
    </file_marker>
  </Project>
  <Project >
    <file_marker column=" 1" line=" 1">
      <vfs_project  />
      <vfs_file >/home/students/590850/this_is_driving_me_crazy/question1clean/d/main.gpr</vfs_file>
    </file_marker>
    <file_marker column=" 1" line=" 1">
      <vfs_project >/home/students/590850/this_is_driving_me_crazy/question1clean/d/main.gpr</vfs_project>
      <vfs_file >/home/students/590850/this_is_driving_me_crazy/question1clean/d/counter.ads</vfs_file>
    </file_marker>
    <file_marker column=" 62" line=" 15">
      <vfs_project >/home/students/590850/this_is_driving_me_crazy/question1clean/d/main.gpr</vfs_project>
      <vfs_file >/home/students/590850/this_is_driving_me_crazy/question1clean/d/counter.ads</vfs_file>
    </file_marker>
    <file_marker column=" 1" line=" 1">
      <vfs_project >/home/students/590850/this_is_driving_me_crazy/question1clean/d/main.gpr</vfs_project>
      <vfs_file >/home/students/590850/this_is_driving_me_crazy/question1clean/d/main.adb</vfs_file>
    </file_marker>
    <file_marker column=" 1" line=" 1">
      <vfs_project >/home/students/590850/this_is_driving_me_crazy/question1clean/d/main.gpr</vfs_project>
      <vfs_file >/home/students/590850/this_is_driving_me_crazy/question1clean/d/counter.adb</vfs_file>
    </file_marker>
    <file_marker column=" 6" line=" 34">
      <vfs_project >/home/students/590850/this_is_driving_me_crazy/question1clean/d/main.gpr</vfs_project>
      <vfs_file >/home/students/590850/this_is_driving_me_crazy/question1clean/d/main.adb</vfs_file>
    </file_marker>
    <file_marker column=" 32" line=" 33">
      <vfs_project >/home/students/590850/this_is_driving_me_crazy/question1clean/d/main.gpr</vfs_project>
      <vfs_file >/home/students/590850/this_is_driving_me_crazy/question1clean/d/main.adb</vfs_file>
    </file_marker>
    <file_marker column=" 37" line=" 6">
      <vfs_project >/home/students/590850/this_is_driving_me_crazy/question1clean/d/main.gpr</vfs_project>
      <vfs_file >/home/students/590850/this_is_driving_me_crazy/question1clean/d/main.adb</vfs_file>
    </file_marker>
    <file_marker column=" 17" line=" 9">
      <vfs_project >/home/students/590850/this_is_driving_me_crazy/question1clean/d/main.gpr</vfs_project>
      <vfs_file >/home/students/590850/this_is_driving_me_crazy/question1clean/d/main.adb</vfs_file>
    </file_marker>
    <file_marker column=" 7" line=" 28">
      <vfs_project >/home/students/590850/this_is_driving_me_crazy/question1clean/d/main.gpr</vfs_project>
      <vfs_file >/home/students/590850/this_is_driving_me_crazy/question1clean/d/main.adb</vfs_file>
    </file_marker>
    <file_marker column=" 6" line=" 34">
      <vfs_project >/home/students/590850/this_is_driving_me_crazy/question1clean/d/main.gpr</vfs_project>
      <vfs_file >/home/students/590850/this_is_driving_me_crazy/question1clean/d/main.adb</vfs_file>
    </file_marker>
    <file_marker column=" 7" line=" 28">
      <vfs_project >/home/students/590850/this_is_driving_me_crazy/question1clean/d/main.gpr</vfs_project>
      <vfs_file >/home/students/590850/this_is_driving_me_crazy/question1clean/d/main.adb</vfs_file>
    </file_marker>
    <file_marker column=" 5" line=" 47">
      <vfs_project >/home/students/590850/this_is_driving_me_crazy/question1clean/d/main.gpr</vfs_project>
      <vfs_file >/home/students/590850/this_is_driving_me_crazy/question1clean/d/counter.adb</vfs_file>
    </file_marker>
    <file_marker column=" 28" line=" 19">
      <vfs_project >/home/students/590850/this_is_driving_me_crazy/question1clean/d/main.gpr</vfs_project>
      <vfs_file >/home/students/590850/this_is_driving_me_crazy/question1clean/d/counter.adb</vfs_file>
    </file_marker>
    <file_marker column=" 31" line=" 40">
      <vfs_project >/home/students/590850/this_is_driving_me_crazy/question1clean/d/main.gpr</vfs_project>
      <vfs_file >/home/students/590850/this_is_driving_me_crazy/question1clean/d/main.adb</vfs_file>
    </file_marker>
    <file_marker column=" 7" line=" 24">
      <vfs_project >/home/students/590850/this_is_driving_me_crazy/question1clean/d/main.gpr</vfs_project>
      <vfs_file >/home/students/590850/this_is_driving_me_crazy/question1clean/d/counter.adb</vfs_file>
    </file_marker>
    <file_marker column=" 32" line=" 21">
      <vfs_project >/home/students/590850/this_is_driving_me_crazy/question1clean/d/main.gpr</vfs_project>
      <vfs_file >/home/students/590850/this_is_driving_me_crazy/question1clean/d/counter.adb</vfs_file>
    </file_marker>
    <file_marker column=" 4" line=" 36">
      <vfs_project >/home/students/590850/this_is_driving_me_crazy/question1clean/d/main.gpr</vfs_project>
      <vfs_file >/home/students/590850/this_is_driving_me_crazy/question1clean/d/counter.adb</vfs_file>
    </file_marker>
    <file_marker column=" 5" line=" 47">
      <vfs_project >/home/students/590850/this_is_driving_me_crazy/question1clean/d/main.gpr</vfs_project>
      <vfs_file >/home/students/590850/this_is_driving_me_crazy/question1clean/d/counter.adb</vfs_file>
    </file_marker>
    <file_marker column=" 11" line=" 45">
      <vfs_project >/home/students/590850/this_is_driving_me_crazy/question1clean/d/main.gpr</vfs_project>
      <vfs_file >/home/students/590850/this_is_driving_me_crazy/question1clean/d/counter.adb</vfs_file>
    </file_marker>
    <file_marker column=" 1" line=" 1">
      <vfs_project >/home/students/590850/this_is_driving_me_crazy/question1clean/d/main.gpr</vfs_project>
      <vfs_file >/home/students/590850/this_is_driving_me_crazy/question1clean/d/counter.adb</vfs_file>
    </file_marker>
    <file_marker column=" 1" line=" 1">
      <vfs_project  />
      <vfs_file >/home/students/590850/this_is_driving_me_crazy/question1clean/d/main.gpr</vfs_file>
    </file_marker>
    <file_marker column=" 1" line=" 1">
      <vfs_project >/home/students/590850/this_is_driving_me_crazy/question1clean/d/main.gpr</vfs_project>
      <vfs_file >/home/students/590850/this_is_driving_me_crazy/question1clean/d/counter.adb</vfs_file>
    </file_marker>
    <file_marker column=" 4" line=" 6">
      <vfs_project >/home/students/590850/this_is_driving_me_crazy/question1clean/d/main.gpr</vfs_project>
      <vfs_file >/home/students/590850/this_is_driving_me_crazy/question1clean/d/counter.adb</vfs_file>
    </file_marker>
    <file_marker column=" 7" line=" 14">
      <vfs_project >/home/students/590850/this_is_driving_me_crazy/question1clean/d/main.gpr</vfs_project>
      <vfs_file >/home/students/590850/this_is_driving_me_crazy/question1clean/d/counter.adb</vfs_file>
    </file_marker>
    <file_marker column=" 33" line=" 8">
      <vfs_project >/home/students/590850/this_is_driving_me_crazy/question1clean/d/main.gpr</vfs_project>
      <vfs_file >/home/students/590850/this_is_driving_me_crazy/question1clean/d/counter.adb</vfs_file>
    </file_marker>
    <file_marker column=" 4" line=" 6">
      <vfs_project >/home/students/590850/this_is_driving_me_crazy/question1clean/d/main.gpr</vfs_project>
      <vfs_file >/home/students/590850/this_is_driving_me_crazy/question1clean/d/counter.adb</vfs_file>
    </file_marker>
    <file_marker column=" 14" line=" 34">
      <vfs_project >/home/students/590850/this_is_driving_me_crazy/question1clean/d/main.gpr</vfs_project>
      <vfs_file >/home/students/590850/this_is_driving_me_crazy/question1clean/d/counter.adb</vfs_file>
    </file_marker>
    <file_marker column=" 1" line=" 21">
      <vfs_project >/home/students/590850/this_is_driving_me_crazy/question1clean/d/main.gpr</vfs_project>
      <vfs_file >/home/students/590850/this_is_driving_me_crazy/question1clean/d/counter.adb</vfs_file>
    </file_marker>
    <file_marker column=" 17" line=" 25">
      <vfs_project >/home/students/590850/this_is_driving_me_crazy/question1clean/d/main.gpr</vfs_project>
      <vfs_file >/home/students/590850/this_is_driving_me_crazy/question1clean/d/counter.adb</vfs_file>
    </file_marker>
    <file_marker column=" 1" line=" 21">
      <vfs_project >/home/students/590850/this_is_driving_me_crazy/question1clean/d/main.gpr</vfs_project>
      <vfs_file >/home/students/590850/this_is_driving_me_crazy/question1clean/d/counter.adb</vfs_file>
    </file_marker>
    <file_marker column=" 39" line=" 22">
      <vfs_project >/home/students/590850/this_is_driving_me_crazy/question1clean/d/main.gpr</vfs_project>
      <vfs_file >/home/students/590850/this_is_driving_me_crazy/question1clean/d/counter.adb</vfs_file>
    </file_marker>
    <file_marker column=" 10" line=" 21">
      <vfs_project >/home/students/590850/this_is_driving_me_crazy/question1clean/d/main.gpr</vfs_project>
      <vfs_file >/home/students/590850/this_is_driving_me_crazy/question1clean/d/counter.adb</vfs_file>
    </file_marker>
    <file_marker column=" 23" line=" 16">
      <vfs_project >/home/students/590850/this_is_driving_me_crazy/question1clean/d/main.gpr</vfs_project>
      <vfs_file >/home/students/590850/this_is_driving_me_crazy/question1clean/d/counter.adb</vfs_file>
    </file_marker>
    <file_marker column=" 10" line=" 21">
      <vfs_project >/home/students/590850/this_is_driving_me_crazy/question1clean/d/main.gpr</vfs_project>
      <vfs_file >/home/students/590850/this_is_driving_me_crazy/question1clean/d/counter.adb</vfs_file>
    </file_marker>
    <file_marker column=" 1" line=" 1">
      <vfs_project  />
      <vfs_file >/home/students/590850/this_is_driving_me_crazy/question1clean/d/asLibraryIO/</vfs_file>
    </file_marker>
    <file_marker column=" 1" line=" 1">
      <vfs_project  />
      <vfs_file >/home/students/590850/this_is_driving_me_crazy/question1clean/d/main.gpr</vfs_file>
    </file_marker>
    <file_marker column=" 10" line=" 21">
      <vfs_project >/home/students/590850/this_is_driving_me_crazy/question1clean/d/main.gpr</vfs_project>
      <vfs_file >/home/students/590850/this_is_driving_me_crazy/question1clean/d/counter.adb</vfs_file>
    </file_marker>
    <file_marker column=" 36" line=" 16">
      <vfs_project >/home/students/590850/this_is_driving_me_crazy/question1clean/d/main.gpr</vfs_project>
      <vfs_file >/home/students/590850/this_is_driving_me_crazy/question1clean/d/counter.ads</vfs_file>
    </file_marker>
    <file_marker column=" 88" line=" 15">
      <vfs_project >/home/students/590850/this_is_driving_me_crazy/question1clean/d/main.gpr</vfs_project>
      <vfs_file >/home/students/590850/this_is_driving_me_crazy/question1clean/d/counter.ads</vfs_file>
    </file_marker>
    <file_marker column=" 36" line=" 16">
      <vfs_project >/home/students/590850/this_is_driving_me_crazy/question1clean/d/main.gpr</vfs_project>
      <vfs_file >/home/students/590850/this_is_driving_me_crazy/question1clean/d/counter.ads</vfs_file>
    </file_marker>
    <file_marker column=" 88" line=" 15">
      <vfs_project >/home/students/590850/this_is_driving_me_crazy/question1clean/d/main.gpr</vfs_project>
      <vfs_file >/home/students/590850/this_is_driving_me_crazy/question1clean/d/counter.ads</vfs_file>
    </file_marker>
    <file_marker column=" 18" line=" 16">
      <vfs_project >/home/students/590850/this_is_driving_me_crazy/question1clean/d/main.gpr</vfs_project>
      <vfs_file >/home/students/590850/this_is_driving_me_crazy/question1clean/d/counter.ads</vfs_file>
    </file_marker>
    <file_marker column=" 10" line=" 21">
      <vfs_project >/home/students/590850/this_is_driving_me_crazy/question1clean/d/main.gpr</vfs_project>
      <vfs_file >/home/students/590850/this_is_driving_me_crazy/question1clean/d/counter.adb</vfs_file>
    </file_marker>
    <file_marker column=" 23" line=" 45">
      <vfs_project >/home/students/590850/this_is_driving_me_crazy/question1clean/d/main.gpr</vfs_project>
      <vfs_file >/home/students/590850/this_is_driving_me_crazy/question1clean/d/counter.adb</vfs_file>
    </file_marker>
    <file_marker column=" 15" line=" 21">
      <vfs_project >/home/students/590850/this_is_driving_me_crazy/question1clean/d/main.gpr</vfs_project>
      <vfs_file >/home/students/590850/this_is_driving_me_crazy/question1clean/d/counter.adb</vfs_file>
    </file_marker>
    <file_marker column=" 70" line=" 34">
      <vfs_project >/home/students/590850/this_is_driving_me_crazy/question1clean/d/main.gpr</vfs_project>
      <vfs_file >/home/students/590850/this_is_driving_me_crazy/question1clean/d/counter.adb</vfs_file>
    </file_marker>
    <file_marker column=" 15" line=" 21">
      <vfs_project >/home/students/590850/this_is_driving_me_crazy/question1clean/d/main.gpr</vfs_project>
      <vfs_file >/home/students/590850/this_is_driving_me_crazy/question1clean/d/counter.adb</vfs_file>
    </file_marker>
    <file_marker column=" 12" line=" 31">
      <vfs_project >/home/students/590850/this_is_driving_me_crazy/question1clean/d/main.gpr</vfs_project>
      <vfs_file >/home/students/590850/this_is_driving_me_crazy/question1clean/d/counter.adb</vfs_file>
    </file_marker>
    <file_marker column=" 10" line=" 21">
      <vfs_project >/home/students/590850/this_is_driving_me_crazy/question1clean/d/main.gpr</vfs_project>
      <vfs_file >/home/students/590850/this_is_driving_me_crazy/question1clean/d/counter.adb</vfs_file>
    </file_marker>
    <file_marker column=" 38" line=" 9">
      <vfs_project >/home/students/590850/this_is_driving_me_crazy/question1clean/d/main.gpr</vfs_project>
      <vfs_file >/home/students/590850/this_is_driving_me_crazy/question1clean/d/counter.adb</vfs_file>
    </file_marker>
    <file_marker column=" 13" line=" 6">
      <vfs_project >/home/students/590850/this_is_driving_me_crazy/question1clean/d/main.gpr</vfs_project>
      <vfs_file >/home/students/590850/this_is_driving_me_crazy/question1clean/d/counter.adb</vfs_file>
    </file_marker>
    <file_marker column=" 25" line=" 61">
      <vfs_project >/home/students/590850/this_is_driving_me_crazy/question1clean/d/main.gpr</vfs_project>
      <vfs_file >/home/students/590850/this_is_driving_me_crazy/question1clean/d/counter.adb</vfs_file>
    </file_marker>
    <file_marker column=" 27" line=" 54">
      <vfs_project >/home/students/590850/this_is_driving_me_crazy/question1clean/d/main.gpr</vfs_project>
      <vfs_file >/home/students/590850/this_is_driving_me_crazy/question1clean/d/counter.adb</vfs_file>
    </file_marker>
    <file_marker column=" 13" line=" 6">
      <vfs_project >/home/students/590850/this_is_driving_me_crazy/question1clean/d/main.gpr</vfs_project>
      <vfs_file >/home/students/590850/this_is_driving_me_crazy/question1clean/d/counter.adb</vfs_file>
    </file_marker>
    <file_marker column=" 31" line=" 40">
      <vfs_project >/home/students/590850/this_is_driving_me_crazy/question1clean/d/main.gpr</vfs_project>
      <vfs_file >/home/students/590850/this_is_driving_me_crazy/question1clean/d/main.adb</vfs_file>
    </file_marker>
    <file_marker column=" 18" line=" 52">
      <vfs_project >/home/students/590850/this_is_driving_me_crazy/question1clean/d/main.gpr</vfs_project>
      <vfs_file >/home/students/590850/this_is_driving_me_crazy/question1clean/d/counter.adb</vfs_file>
    </file_marker>
    <file_marker column=" 77" line=" 18">
      <vfs_project >/home/students/590850/this_is_driving_me_crazy/question1clean/d/main.gpr</vfs_project>
      <vfs_file >/home/students/590850/this_is_driving_me_crazy/question1clean/d/counter.ads</vfs_file>
    </file_marker>
    <file_marker column=" 28" line=" 32">
      <vfs_project >/home/students/590850/this_is_driving_me_crazy/question1clean/d/main.gpr</vfs_project>
      <vfs_file >/home/students/590850/this_is_driving_me_crazy/question1clean/d/counter.adb</vfs_file>
    </file_marker>
    <file_marker column=" 11" line=" 20">
      <vfs_project >/home/students/590850/this_is_driving_me_crazy/question1clean/d/main.gpr</vfs_project>
      <vfs_file >/home/students/590850/this_is_driving_me_crazy/question1clean/d/counter.ads</vfs_file>
    </file_marker>
    <file_marker column=" 100" line=" 17">
      <vfs_project >/home/students/590850/this_is_driving_me_crazy/question1clean/d/main.gpr</vfs_project>
      <vfs_file >/home/students/590850/this_is_driving_me_crazy/question1clean/d/counter.ads</vfs_file>
    </file_marker>
    <file_marker column=" 87" line=" 15">
      <vfs_project >/home/students/590850/this_is_driving_me_crazy/question1clean/d/main.gpr</vfs_project>
      <vfs_file >/home/students/590850/this_is_driving_me_crazy/question1clean/d/counter.ads</vfs_file>
    </file_marker>
    <file_marker column=" 100" line=" 17">
      <vfs_project >/home/students/590850/this_is_driving_me_crazy/question1clean/d/main.gpr</vfs_project>
      <vfs_file >/home/students/590850/this_is_driving_me_crazy/question1clean/d/counter.ads</vfs_file>
    </file_marker>
    <file_marker column=" 11" line=" 20">
      <vfs_project >/home/students/590850/this_is_driving_me_crazy/question1clean/d/main.gpr</vfs_project>
      <vfs_file >/home/students/590850/this_is_driving_me_crazy/question1clean/d/counter.ads</vfs_file>
    </file_marker>
    <file_marker column=" 100" line=" 17">
      <vfs_project >/home/students/590850/this_is_driving_me_crazy/question1clean/d/main.gpr</vfs_project>
      <vfs_file >/home/students/590850/this_is_driving_me_crazy/question1clean/d/counter.ads</vfs_file>
    </file_marker>
    <file_marker column=" 11" line=" 19">
      <vfs_project >/home/students/590850/this_is_driving_me_crazy/question1clean/d/main.gpr</vfs_project>
      <vfs_file >/home/students/590850/this_is_driving_me_crazy/question1clean/d/counter.ads</vfs_file>
    </file_marker>
    <file_marker column=" 1" line=" 27">
      <vfs_project >/home/students/590850/this_is_driving_me_crazy/question1clean/d/main.gpr</vfs_project>
      <vfs_file >/home/students/590850/this_is_driving_me_crazy/question1clean/d/counter.ads</vfs_file>
    </file_marker>
    <file_marker column=" 51" line=" 19">
      <vfs_project >/home/students/590850/this_is_driving_me_crazy/question1clean/d/main.gpr</vfs_project>
      <vfs_file >/home/students/590850/this_is_driving_me_crazy/question1clean/d/counter.ads</vfs_file>
    </file_marker>
    <file_marker column=" 18" line=" 20">
      <vfs_project >/home/students/590850/this_is_driving_me_crazy/question1clean/d/main.gpr</vfs_project>
      <vfs_file >/home/students/590850/this_is_driving_me_crazy/question1clean/d/counter.ads</vfs_file>
    </file_marker>
    <file_marker column=" 11" line=" 19">
      <vfs_project >/home/students/590850/this_is_driving_me_crazy/question1clean/d/main.gpr</vfs_project>
      <vfs_file >/home/students/590850/this_is_driving_me_crazy/question1clean/d/counter.ads</vfs_file>
    </file_marker>
    <file_marker current="true" column=" 125" line=" 20">
      <vfs_project >/home/students/590850/this_is_driving_me_crazy/question1clean/d/main.gpr</vfs_project>
      <vfs_file >/home/students/590850/this_is_driving_me_crazy/question1clean/d/counter.ads</vfs_file>
    </file_marker>
  </Project>
  <Project >
    <file_marker column=" 1" line=" 1">
      <vfs_project  />
      <vfs_file >/home/students/590850/this_is_driving_me_crazy/question1clean/d/main.gpr</vfs_file>
    </file_marker>
    <file_marker column=" 1" line=" 1">
      <vfs_project >/home/students/590850/this_is_driving_me_crazy/question1clean/d/main.gpr</vfs_project>
      <vfs_file >/home/students/590850/this_is_driving_me_crazy/question1clean/d/counter.ads</vfs_file>
    </file_marker>
    <file_marker column=" 62" line=" 15">
      <vfs_project >/home/students/590850/this_is_driving_me_crazy/question1clean/d/main.gpr</vfs_project>
      <vfs_file >/home/students/590850/this_is_driving_me_crazy/question1clean/d/counter.ads</vfs_file>
    </file_marker>
    <file_marker column=" 1" line=" 1">
      <vfs_project >/home/students/590850/this_is_driving_me_crazy/question1clean/d/main.gpr</vfs_project>
      <vfs_file >/home/students/590850/this_is_driving_me_crazy/question1clean/d/main.adb</vfs_file>
    </file_marker>
    <file_marker column=" 1" line=" 1">
      <vfs_project >/home/students/590850/this_is_driving_me_crazy/question1clean/d/main.gpr</vfs_project>
      <vfs_file >/home/students/590850/this_is_driving_me_crazy/question1clean/d/counter.adb</vfs_file>
    </file_marker>
    <file_marker column=" 6" line=" 34">
      <vfs_project >/home/students/590850/this_is_driving_me_crazy/question1clean/d/main.gpr</vfs_project>
      <vfs_file >/home/students/590850/this_is_driving_me_crazy/question1clean/d/main.adb</vfs_file>
    </file_marker>
    <file_marker column=" 32" line=" 33">
      <vfs_project >/home/students/590850/this_is_driving_me_crazy/question1clean/d/main.gpr</vfs_project>
      <vfs_file >/home/students/590850/this_is_driving_me_crazy/question1clean/d/main.adb</vfs_file>
    </file_marker>
    <file_marker column=" 37" line=" 6">
      <vfs_project >/home/students/590850/this_is_driving_me_crazy/question1clean/d/main.gpr</vfs_project>
      <vfs_file >/home/students/590850/this_is_driving_me_crazy/question1clean/d/main.adb</vfs_file>
    </file_marker>
    <file_marker column=" 17" line=" 9">
      <vfs_project >/home/students/590850/this_is_driving_me_crazy/question1clean/d/main.gpr</vfs_project>
      <vfs_file >/home/students/590850/this_is_driving_me_crazy/question1clean/d/main.adb</vfs_file>
    </file_marker>
    <file_marker column=" 7" line=" 28">
      <vfs_project >/home/students/590850/this_is_driving_me_crazy/question1clean/d/main.gpr</vfs_project>
      <vfs_file >/home/students/590850/this_is_driving_me_crazy/question1clean/d/main.adb</vfs_file>
    </file_marker>
    <file_marker column=" 6" line=" 34">
      <vfs_project >/home/students/590850/this_is_driving_me_crazy/question1clean/d/main.gpr</vfs_project>
      <vfs_file >/home/students/590850/this_is_driving_me_crazy/question1clean/d/main.adb</vfs_file>
    </file_marker>
    <file_marker column=" 7" line=" 28">
      <vfs_project >/home/students/590850/this_is_driving_me_crazy/question1clean/d/main.gpr</vfs_project>
      <vfs_file >/home/students/590850/this_is_driving_me_crazy/question1clean/d/main.adb</vfs_file>
    </file_marker>
    <file_marker column=" 5" line=" 57">
      <vfs_project >/home/students/590850/this_is_driving_me_crazy/question1clean/d/main.gpr</vfs_project>
      <vfs_file >/home/students/590850/this_is_driving_me_crazy/question1clean/d/counter.adb</vfs_file>
    </file_marker>
    <file_marker column=" 14" line=" 32">
      <vfs_project >/home/students/590850/this_is_driving_me_crazy/question1clean/d/main.gpr</vfs_project>
      <vfs_file >/home/students/590850/this_is_driving_me_crazy/question1clean/d/counter.adb</vfs_file>
    </file_marker>
    <file_marker column=" 31" line=" 40">
      <vfs_project >/home/students/590850/this_is_driving_me_crazy/question1clean/d/main.gpr</vfs_project>
      <vfs_file >/home/students/590850/this_is_driving_me_crazy/question1clean/d/main.adb</vfs_file>
    </file_marker>
    <file_marker column=" 4" line=" 36">
      <vfs_project >/home/students/590850/this_is_driving_me_crazy/question1clean/d/main.gpr</vfs_project>
      <vfs_file >/home/students/590850/this_is_driving_me_crazy/question1clean/d/counter.adb</vfs_file>
    </file_marker>
    <file_marker column=" 16" line=" 34">
      <vfs_project >/home/students/590850/this_is_driving_me_crazy/question1clean/d/main.gpr</vfs_project>
      <vfs_file >/home/students/590850/this_is_driving_me_crazy/question1clean/d/counter.adb</vfs_file>
    </file_marker>
    <file_marker column=" 7" line=" 46">
      <vfs_project >/home/students/590850/this_is_driving_me_crazy/question1clean/d/main.gpr</vfs_project>
      <vfs_file >/home/students/590850/this_is_driving_me_crazy/question1clean/d/counter.adb</vfs_file>
    </file_marker>
    <file_marker column=" 5" line=" 57">
      <vfs_project >/home/students/590850/this_is_driving_me_crazy/question1clean/d/main.gpr</vfs_project>
      <vfs_file >/home/students/590850/this_is_driving_me_crazy/question1clean/d/counter.adb</vfs_file>
    </file_marker>
    <file_marker column=" 11" line=" 55">
      <vfs_project >/home/students/590850/this_is_driving_me_crazy/question1clean/d/main.gpr</vfs_project>
      <vfs_file >/home/students/590850/this_is_driving_me_crazy/question1clean/d/counter.adb</vfs_file>
    </file_marker>
    <file_marker current="true" column=" 1" line=" 1">
      <vfs_project >/home/students/590850/this_is_driving_me_crazy/question1clean/d/main.gpr</vfs_project>
      <vfs_file >/home/students/590850/this_is_driving_me_crazy/question1clean/d/counter.adb</vfs_file>
    </file_marker>
  </Project>
  <Project >
    <file_marker column=" 1" line=" 1">
      <vfs_project  />
      <vfs_file >/home/students/590850/this_is_driving_me_crazy/question1clean/b/main.gpr</vfs_file>
    </file_marker>
    <file_marker column=" 1" line=" 1">
      <vfs_project >/home/students/590850/this_is_driving_me_crazy/question1clean/b/main.gpr</vfs_project>
      <vfs_file >/home/students/590850/this_is_driving_me_crazy/question1clean/b/main.ads</vfs_file>
    </file_marker>
    <file_marker column=" 1" line=" 1">
      <vfs_project >/home/students/590850/this_is_driving_me_crazy/question1clean/b/main.gpr</vfs_project>
      <vfs_file >/home/students/590850/this_is_driving_me_crazy/question1clean/b/main.adb</vfs_file>
    </file_marker>
    <file_marker column=" 8" line=" 11">
      <vfs_project >/home/students/590850/this_is_driving_me_crazy/question1clean/b/main.gpr</vfs_project>
      <vfs_file >/home/students/590850/this_is_driving_me_crazy/question1clean/b/main.adb</vfs_file>
    </file_marker>
    <file_marker column=" 1" line=" 1">
      <vfs_project >/home/students/590850/this_is_driving_me_crazy/question1clean/b/main.gpr</vfs_project>
      <vfs_file >/home/students/590850/this_is_driving_me_crazy/question1clean/b/counter.ads</vfs_file>
    </file_marker>
    <file_marker column=" 8" line=" 11">
      <vfs_project >/home/students/590850/this_is_driving_me_crazy/question1clean/b/main.gpr</vfs_project>
      <vfs_file >/home/students/590850/this_is_driving_me_crazy/question1clean/b/main.adb</vfs_file>
    </file_marker>
    <file_marker column=" 24" line=" 7">
      <vfs_project >/home/students/590850/this_is_driving_me_crazy/question1clean/b/main.gpr</vfs_project>
      <vfs_file >/home/students/590850/this_is_driving_me_crazy/question1clean/b/main.adb</vfs_file>
    </file_marker>
    <file_marker column=" 1" line=" 1">
      <vfs_project >/home/students/590850/this_is_driving_me_crazy/question1clean/b/main.gpr</vfs_project>
      <vfs_file >/home/students/590850/this_is_driving_me_crazy/question1clean/b/counter.ads</vfs_file>
    </file_marker>
    <file_marker column=" 1" line=" 1">
      <vfs_project >/home/students/590850/this_is_driving_me_crazy/question1clean/b/main.gpr</vfs_project>
      <vfs_file >/home/students/590850/this_is_driving_me_crazy/question1clean/b/counter.adb</vfs_file>
    </file_marker>
    <file_marker column=" 25" line=" 33">
      <vfs_project >/home/students/590850/this_is_driving_me_crazy/question1clean/b/main.gpr</vfs_project>
      <vfs_file >/home/students/590850/this_is_driving_me_crazy/question1clean/b/main.adb</vfs_file>
    </file_marker>
    <file_marker column=" 24" line=" 7">
      <vfs_project >/home/students/590850/this_is_driving_me_crazy/question1clean/b/main.gpr</vfs_project>
      <vfs_file >/home/students/590850/this_is_driving_me_crazy/question1clean/b/main.adb</vfs_file>
    </file_marker>
    <file_marker column=" 18" line=" 8">
      <vfs_project >/home/students/590850/this_is_driving_me_crazy/question1clean/b/main.gpr</vfs_project>
      <vfs_file >/home/students/590850/this_is_driving_me_crazy/question1clean/b/main.adb</vfs_file>
    </file_marker>
    <file_marker column=" 24" line=" 7">
      <vfs_project >/home/students/590850/this_is_driving_me_crazy/question1clean/b/main.gpr</vfs_project>
      <vfs_file >/home/students/590850/this_is_driving_me_crazy/question1clean/b/main.adb</vfs_file>
    </file_marker>
    <file_marker column=" 26" line=" 29">
      <vfs_project >/home/students/590850/this_is_driving_me_crazy/question1clean/b/main.gpr</vfs_project>
      <vfs_file >/home/students/590850/this_is_driving_me_crazy/question1clean/b/main.adb</vfs_file>
    </file_marker>
    <file_marker current="true" column=" 24" line=" 7">
      <vfs_project >/home/students/590850/this_is_driving_me_crazy/question1clean/b/main.gpr</vfs_project>
      <vfs_file >/home/students/590850/this_is_driving_me_crazy/question1clean/b/main.adb</vfs_file>
    </file_marker>
  </Project>
</Locations>
