<?xml version="1.0" encoding="UTF-8"?>
<!DOCTYPE why3session PUBLIC "-//Why3//proof session v5//EN"
"http://why3.lri.fr/why3session.dtd">
<why3session shape_version="4">
<prover id="0" name="altergo" version="0.99.1" timelimit="1" memlimit="0"/>
<prover id="1" name="CVC4" version="1.3" timelimit="1" memlimit="0"/>
<file name="../loopy.mlw" expanded="true">
<theory name="Standard__short_short_integer" sum="d41d8cd98f00b204e9800998ecf8427e" expanded="true">
</theory>
<theory name="Standard__short_integer" sum="d41d8cd98f00b204e9800998ecf8427e" expanded="true">
</theory>
<theory name="Standard__integer" sum="d41d8cd98f00b204e9800998ecf8427e" expanded="true">
</theory>
<theory name="Standard__long_integer" sum="d41d8cd98f00b204e9800998ecf8427e" expanded="true">
</theory>
<theory name="Standard__long_long_integer" sum="d41d8cd98f00b204e9800998ecf8427e" expanded="true">
</theory>
<theory name="Standard__natural" sum="d41d8cd98f00b204e9800998ecf8427e" expanded="true">
</theory>
<theory name="Standard__positive" sum="d41d8cd98f00b204e9800998ecf8427e" expanded="true">
</theory>
<theory name="Standard__short_float" sum="d41d8cd98f00b204e9800998ecf8427e" expanded="true">
</theory>
<theory name="Standard__float" sum="d41d8cd98f00b204e9800998ecf8427e" expanded="true">
</theory>
<theory name="Standard__long_float" sum="d41d8cd98f00b204e9800998ecf8427e" expanded="true">
</theory>
<theory name="Standard__long_long_float" sum="d41d8cd98f00b204e9800998ecf8427e" expanded="true">
</theory>
<theory name="Standard__character" sum="d41d8cd98f00b204e9800998ecf8427e" expanded="true">
</theory>
<theory name="Standard__wide_character" sum="d41d8cd98f00b204e9800998ecf8427e" expanded="true">
</theory>
<theory name="Standard__wide_wide_character" sum="d41d8cd98f00b204e9800998ecf8427e" expanded="true">
</theory>
<theory name="Array__Int" sum="d41d8cd98f00b204e9800998ecf8427e" expanded="true">
</theory>
<theory name="Standard__string" sum="d41d8cd98f00b204e9800998ecf8427e" expanded="true">
</theory>
<theory name="Standard__wide_string" sum="d41d8cd98f00b204e9800998ecf8427e" expanded="true">
</theory>
<theory name="Standard__wide_wide_string" sum="d41d8cd98f00b204e9800998ecf8427e" expanded="true">
</theory>
<theory name="Standard__duration" sum="d41d8cd98f00b204e9800998ecf8427e" expanded="true">
</theory>
<theory name="Standard__integer_8" sum="d41d8cd98f00b204e9800998ecf8427e" expanded="true">
</theory>
<theory name="Standard__integer_16" sum="d41d8cd98f00b204e9800998ecf8427e" expanded="true">
</theory>
<theory name="Standard__integer_32" sum="d41d8cd98f00b204e9800998ecf8427e" expanded="true">
</theory>
<theory name="Standard__integer_64" sum="d41d8cd98f00b204e9800998ecf8427e" expanded="true">
</theory>
<theory name="Standard__universal_integer" sum="d41d8cd98f00b204e9800998ecf8427e" expanded="true">
</theory>
<theory name="Standard__universal_real" sum="d41d8cd98f00b204e9800998ecf8427e" expanded="true">
</theory>
<theory name="Loopy__loopy_loop__a" sum="d41d8cd98f00b204e9800998ecf8427e" expanded="true">
</theory>
<theory name="Loopy__loopy_loop__a__axiom" sum="d41d8cd98f00b204e9800998ecf8427e" expanded="true">
</theory>
<theory name="Loopy__loopy_loop__b" sum="d41d8cd98f00b204e9800998ecf8427e" expanded="true">
</theory>
<theory name="Loopy__loopy_loop__b__axiom" sum="d41d8cd98f00b204e9800998ecf8427e" expanded="true">
</theory>
<theory name="Loopy__loopy_loop__r" sum="d41d8cd98f00b204e9800998ecf8427e" expanded="true">
</theory>
<theory name="Loopy__loopy_loop__r__axiom" sum="d41d8cd98f00b204e9800998ecf8427e" expanded="true">
</theory>
<theory name="Loopy__loopy_loop__s" sum="d41d8cd98f00b204e9800998ecf8427e" expanded="true">
</theory>
<theory name="Loopy__loopy_loop__s__axiom" sum="d41d8cd98f00b204e9800998ecf8427e" expanded="true">
</theory>
<theory name="Loopy__loopy_loop__ra" sum="d41d8cd98f00b204e9800998ecf8427e" expanded="true">
</theory>
<theory name="Loopy__loopy_loop__ra__axiom" sum="d41d8cd98f00b204e9800998ecf8427e" expanded="true">
</theory>
<theory name="Loopy__loopy_loop__rb" sum="d41d8cd98f00b204e9800998ecf8427e" expanded="true">
</theory>
<theory name="Loopy__loopy_loop__rb__axiom" sum="d41d8cd98f00b204e9800998ecf8427e" expanded="true">
</theory>
<theory name="Loopy__loopy_loop__sa" sum="d41d8cd98f00b204e9800998ecf8427e" expanded="true">
</theory>
<theory name="Loopy__loopy_loop__sa__axiom" sum="d41d8cd98f00b204e9800998ecf8427e" expanded="true">
</theory>
<theory name="Loopy__loopy_loop__sb" sum="d41d8cd98f00b204e9800998ecf8427e" expanded="true">
</theory>
<theory name="Loopy__loopy_loop__sb__axiom" sum="d41d8cd98f00b204e9800998ecf8427e" expanded="true">
</theory>
<theory name="Loopy__loopy_loop" sum="d41d8cd98f00b204e9800998ecf8427e" expanded="true">
</theory>
<theory name="Loopy__loopy_loop__until_loop" sum="d41d8cd98f00b204e9800998ecf8427e" expanded="true">
</theory>
<theory name="Loopy__loopy_loop__until_loop__axiom" sum="d41d8cd98f00b204e9800998ecf8427e" expanded="true">
</theory>
<theory name="Standard__short_short_integer__axiom" sum="d41d8cd98f00b204e9800998ecf8427e" expanded="true">
</theory>
<theory name="Standard__short_integer__axiom" sum="d41d8cd98f00b204e9800998ecf8427e" expanded="true">
</theory>
<theory name="Standard__integer__axiom" sum="d41d8cd98f00b204e9800998ecf8427e" expanded="true">
</theory>
<theory name="Standard__long_integer__axiom" sum="d41d8cd98f00b204e9800998ecf8427e" expanded="true">
</theory>
<theory name="Standard__long_long_integer__axiom" sum="d41d8cd98f00b204e9800998ecf8427e" expanded="true">
</theory>
<theory name="Standard__natural__axiom" sum="d41d8cd98f00b204e9800998ecf8427e" expanded="true">
</theory>
<theory name="Standard__positive__axiom" sum="d41d8cd98f00b204e9800998ecf8427e" expanded="true">
</theory>
<theory name="Standard__short_float__axiom" sum="d41d8cd98f00b204e9800998ecf8427e" expanded="true">
</theory>
<theory name="Standard__float__axiom" sum="d41d8cd98f00b204e9800998ecf8427e" expanded="true">
</theory>
<theory name="Standard__long_float__axiom" sum="d41d8cd98f00b204e9800998ecf8427e" expanded="true">
</theory>
<theory name="Standard__long_long_float__axiom" sum="d41d8cd98f00b204e9800998ecf8427e" expanded="true">
</theory>
<theory name="Standard__character__axiom" sum="d41d8cd98f00b204e9800998ecf8427e" expanded="true">
</theory>
<theory name="Standard__wide_character__axiom" sum="d41d8cd98f00b204e9800998ecf8427e" expanded="true">
</theory>
<theory name="Standard__wide_wide_character__axiom" sum="d41d8cd98f00b204e9800998ecf8427e" expanded="true">
</theory>
<theory name="Standard__string__axiom" sum="d41d8cd98f00b204e9800998ecf8427e" expanded="true">
</theory>
<theory name="Standard__wide_string__axiom" sum="d41d8cd98f00b204e9800998ecf8427e" expanded="true">
</theory>
<theory name="Standard__wide_wide_string__axiom" sum="d41d8cd98f00b204e9800998ecf8427e" expanded="true">
</theory>
<theory name="Standard__duration__axiom" sum="d41d8cd98f00b204e9800998ecf8427e" expanded="true">
</theory>
<theory name="Standard__integer_8__axiom" sum="d41d8cd98f00b204e9800998ecf8427e" expanded="true">
</theory>
<theory name="Standard__integer_16__axiom" sum="d41d8cd98f00b204e9800998ecf8427e" expanded="true">
</theory>
<theory name="Standard__integer_32__axiom" sum="d41d8cd98f00b204e9800998ecf8427e" expanded="true">
</theory>
<theory name="Standard__integer_64__axiom" sum="d41d8cd98f00b204e9800998ecf8427e" expanded="true">
</theory>
<theory name="Standard__universal_integer__axiom" sum="d41d8cd98f00b204e9800998ecf8427e" expanded="true">
</theory>
<theory name="Standard__universal_real__axiom" sum="d41d8cd98f00b204e9800998ecf8427e" expanded="true">
</theory>
<theory name="Loopy__loopy_loop__axiom" sum="d41d8cd98f00b204e9800998ecf8427e" expanded="true">
</theory>
<theory name="Loopy__package_def" sum="a97d7913d9490668791940f47ab56a9f" expanded="true">
 <goal name="WP_parameter def" expl="VC for def" expanded="true">
 <transf name="split_goal_wp" expanded="true">
 </transf>
 </goal>
</theory>
<theory name="Loopy__loopy_loop__subprogram_def" sum="8e6a979d7e1ead24ceba4667dcfa9919" expanded="true">
 <goal name="WP_parameter def" expl="VC for def" expanded="true">
 <transf name="split_goal_wp" expanded="true">
  <goal name="WP_parameter def.1" expl="1. VC for def">
  <proof prover="0"><result status="unknown" time="0.02"/></proof>
  <proof prover="1"><result status="timeout" time="1.00"/></proof>
  </goal>
  <goal name="WP_parameter def.2" expl="2. VC for def">
  <proof prover="0"><result status="valid" time="0.03" steps="21"/></proof>
  <proof prover="1"><result status="timeout" time="1.00"/></proof>
  </goal>
  <goal name="WP_parameter def.3" expl="3. VC for def">
  <proof prover="0"><result status="unknown" time="0.02"/></proof>
  <proof prover="1"><result status="timeout" time="1.00"/></proof>
  </goal>
  <goal name="WP_parameter def.4" expl="4. VC for def">
  <proof prover="0"><result status="valid" time="0.03" steps="41"/></proof>
  <proof prover="1"><result status="timeout" time="0.99"/></proof>
  </goal>
  <goal name="WP_parameter def.5" expl="5. VC for def">
  <proof prover="0"><result status="unknown" time="0.04"/></proof>
  <proof prover="1"><result status="timeout" time="1.00"/></proof>
  </goal>
  <goal name="WP_parameter def.6" expl="6. VC for def">
  <proof prover="0"><result status="valid" time="0.08" steps="84"/></proof>
  <proof prover="1"><result status="timeout" time="0.99"/></proof>
  </goal>
  <goal name="WP_parameter def.7" expl="7. VC for def">
  <proof prover="0" obsolete="true"><result status="timeout" time="0.98"/></proof>
  <proof prover="1"><result status="valid" time="0.01"/></proof>
  </goal>
  <goal name="WP_parameter def.8" expl="8. VC for def">
  <proof prover="1"><result status="valid" time="0.01"/></proof>
  </goal>
  <goal name="WP_parameter def.9" expl="9. loop invariant init">
  <proof prover="0"><result status="unknown" time="0.36"/></proof>
  <proof prover="1"><result status="timeout" time="1.00"/></proof>
  </goal>
  <goal name="WP_parameter def.10" expl="10. VC for def">
  <proof prover="0"><result status="timeout" time="0.91"/></proof>
  <proof prover="1"><result status="timeout" time="1.00"/></proof>
  </goal>
  <goal name="WP_parameter def.11" expl="11. VC for def">
  <proof prover="0"><result status="timeout" time="0.97"/></proof>
  <proof prover="1"><result status="timeout" time="1.00"/></proof>
  </goal>
  <goal name="WP_parameter def.12" expl="12. VC for def">
  <proof prover="0" obsolete="true"><result status="unknown" time="0.56"/></proof>
  <proof prover="1"><result status="valid" time="0.01"/></proof>
  </goal>
  <goal name="WP_parameter def.13" expl="13. VC for def">
  <proof prover="0"><result status="timeout" time="0.98"/></proof>
  <proof prover="1"><result status="timeout" time="0.99"/></proof>
  </goal>
  <goal name="WP_parameter def.14" expl="14. VC for def">
  <proof prover="0"><result status="timeout" time="0.99"/></proof>
  <proof prover="1"><result status="timeout" time="1.00"/></proof>
  </goal>
  <goal name="WP_parameter def.15" expl="15. VC for def">
  <proof prover="0" obsolete="true"><result status="unknown" time="0.56"/></proof>
  <proof prover="1"><result status="valid" time="0.01"/></proof>
  </goal>
  <goal name="WP_parameter def.16" expl="16. VC for def">
  <proof prover="0" obsolete="true"><result status="timeout" time="0.98"/></proof>
  <proof prover="1"><result status="valid" time="0.01"/></proof>
  </goal>
  <goal name="WP_parameter def.17" expl="17. VC for def">
  <proof prover="0" obsolete="true"><result status="timeout" time="0.99"/></proof>
  <proof prover="1"><result status="valid" time="0.01"/></proof>
  </goal>
  <goal name="WP_parameter def.18" expl="18. VC for def">
  <proof prover="0"><result status="timeout" time="1.00"/></proof>
  <proof prover="1"><result status="timeout" time="1.00"/></proof>
  </goal>
  <goal name="WP_parameter def.19" expl="19. VC for def">
  <proof prover="0"><result status="timeout" time="0.97"/></proof>
  <proof prover="1"><result status="timeout" time="0.99"/></proof>
  </goal>
  <goal name="WP_parameter def.20" expl="20. VC for def">
  <proof prover="0" obsolete="true"><result status="timeout" time="0.98"/></proof>
  <proof prover="1"><result status="valid" time="0.01"/></proof>
  </goal>
  <goal name="WP_parameter def.21" expl="21. VC for def">
  <proof prover="0" obsolete="true"><result status="timeout" time="0.99"/></proof>
  <proof prover="1"><result status="valid" time="0.02"/></proof>
  </goal>
  <goal name="WP_parameter def.22" expl="22. VC for def">
  <proof prover="0"><result status="timeout" time="1.00"/></proof>
  <proof prover="1"><result status="timeout" time="1.00"/></proof>
  </goal>
  <goal name="WP_parameter def.23" expl="23. VC for def">
  <proof prover="0"><result status="timeout" time="0.98"/></proof>
  <proof prover="1"><result status="timeout" time="0.99"/></proof>
  </goal>
  <goal name="WP_parameter def.24" expl="24. loop invariant preservation">
  <proof prover="0"><result status="timeout" time="0.98"/></proof>
  <proof prover="1"><result status="timeout" time="1.00"/></proof>
  </goal>
  <goal name="WP_parameter def.25" expl="25. VC for def">
  <proof prover="0"><result status="timeout" time="0.97"/></proof>
  <proof prover="1"><result status="timeout" time="1.00"/></proof>
  </goal>
  <goal name="WP_parameter def.26" expl="26. VC for def">
  <proof prover="0"><result status="timeout" time="0.97"/></proof>
  <proof prover="1"><result status="timeout" time="0.99"/></proof>
  </goal>
  <goal name="WP_parameter def.27" expl="27. VC for def">
  <proof prover="0"><result status="timeout" time="0.99"/></proof>
  <proof prover="1"><result status="timeout" time="1.00"/></proof>
  </goal>
  <goal name="WP_parameter def.28" expl="28. VC for def">
  <proof prover="0"><result status="timeout" time="0.97"/></proof>
  <proof prover="1"><result status="timeout" time="0.99"/></proof>
  </goal>
  <goal name="WP_parameter def.29" expl="29. VC for def">
  <proof prover="0"><result status="timeout" time="1.00"/></proof>
  <proof prover="1"><result status="timeout" time="0.99"/></proof>
  </goal>
 </transf>
 </goal>
</theory>
</file>
</why3session>
