<?xml version="1.0" encoding="UTF-8"?>
<!DOCTYPE why3session PUBLIC "-//Why3//proof session v5//EN"
"http://why3.lri.fr/why3session.dtd">
<why3session shape_version="4">
<prover id="0" name="altergo" version="0.99.1" timelimit="1" memlimit="0"/>
<prover id="1" name="CVC4" version="1.3" timelimit="1" memlimit="0"/>
<file name="../counter.mlw" expanded="true">
<theory name="Standard__short_short_integer" sum="d41d8cd98f00b204e9800998ecf8427e" expanded="true">
</theory>
<theory name="Standard__short_integer" sum="d41d8cd98f00b204e9800998ecf8427e" expanded="true">
</theory>
<theory name="Standard__integer" sum="d41d8cd98f00b204e9800998ecf8427e" expanded="true">
</theory>
<theory name="Standard__long_integer" sum="d41d8cd98f00b204e9800998ecf8427e" expanded="true">
</theory>
<theory name="Standard__long_long_integer" sum="d41d8cd98f00b204e9800998ecf8427e" expanded="true">
</theory>
<theory name="Standard__natural" sum="d41d8cd98f00b204e9800998ecf8427e" expanded="true">
</theory>
<theory name="Standard__positive" sum="d41d8cd98f00b204e9800998ecf8427e" expanded="true">
</theory>
<theory name="Standard__short_float" sum="d41d8cd98f00b204e9800998ecf8427e" expanded="true">
</theory>
<theory name="Standard__float" sum="d41d8cd98f00b204e9800998ecf8427e" expanded="true">
</theory>
<theory name="Standard__long_float" sum="d41d8cd98f00b204e9800998ecf8427e" expanded="true">
</theory>
<theory name="Standard__long_long_float" sum="d41d8cd98f00b204e9800998ecf8427e" expanded="true">
</theory>
<theory name="Standard__character" sum="d41d8cd98f00b204e9800998ecf8427e" expanded="true">
</theory>
<theory name="Standard__wide_character" sum="d41d8cd98f00b204e9800998ecf8427e" expanded="true">
</theory>
<theory name="Standard__wide_wide_character" sum="d41d8cd98f00b204e9800998ecf8427e" expanded="true">
</theory>
<theory name="Array__Int" sum="d41d8cd98f00b204e9800998ecf8427e" expanded="true">
</theory>
<theory name="Standard__string" sum="d41d8cd98f00b204e9800998ecf8427e" expanded="true">
</theory>
<theory name="Standard__wide_string" sum="d41d8cd98f00b204e9800998ecf8427e" expanded="true">
</theory>
<theory name="Standard__wide_wide_string" sum="d41d8cd98f00b204e9800998ecf8427e" expanded="true">
</theory>
<theory name="Standard__duration" sum="d41d8cd98f00b204e9800998ecf8427e" expanded="true">
</theory>
<theory name="Standard__integer_8" sum="d41d8cd98f00b204e9800998ecf8427e" expanded="true">
</theory>
<theory name="Standard__integer_16" sum="d41d8cd98f00b204e9800998ecf8427e" expanded="true">
</theory>
<theory name="Standard__integer_32" sum="d41d8cd98f00b204e9800998ecf8427e" expanded="true">
</theory>
<theory name="Standard__integer_64" sum="d41d8cd98f00b204e9800998ecf8427e" expanded="true">
</theory>
<theory name="Standard__universal_integer" sum="d41d8cd98f00b204e9800998ecf8427e" expanded="true">
</theory>
<theory name="Standard__universal_real" sum="d41d8cd98f00b204e9800998ecf8427e" expanded="true">
</theory>
<theory name="Counter__TdigitB" sum="d41d8cd98f00b204e9800998ecf8427e" expanded="true">
</theory>
<theory name="Counter__digit" sum="d41d8cd98f00b204e9800998ecf8427e" expanded="true">
</theory>
<theory name="Counter__three_digit_number" sum="d41d8cd98f00b204e9800998ecf8427e" expanded="true">
</theory>
<theory name="Counter__outputs_bleh__g1" sum="d41d8cd98f00b204e9800998ecf8427e" expanded="true">
</theory>
<theory name="Counter__outputs_bleh__g1__axiom" sum="d41d8cd98f00b204e9800998ecf8427e" expanded="true">
</theory>
<theory name="Counter__outputs_bleh__g2" sum="d41d8cd98f00b204e9800998ecf8427e" expanded="true">
</theory>
<theory name="Counter__outputs_bleh__g2__axiom" sum="d41d8cd98f00b204e9800998ecf8427e" expanded="true">
</theory>
<theory name="Counter__counter__g1" sum="d41d8cd98f00b204e9800998ecf8427e" expanded="true">
</theory>
<theory name="Counter__counter__g1__axiom" sum="d41d8cd98f00b204e9800998ecf8427e" expanded="true">
</theory>
<theory name="Counter__counter__g2" sum="d41d8cd98f00b204e9800998ecf8427e" expanded="true">
</theory>
<theory name="Counter__counter__g2__axiom" sum="d41d8cd98f00b204e9800998ecf8427e" expanded="true">
</theory>
<theory name="Counter__counter" sum="d41d8cd98f00b204e9800998ecf8427e" expanded="true">
</theory>
<theory name="Counter__outputs_bleh__h1" sum="d41d8cd98f00b204e9800998ecf8427e" expanded="true">
</theory>
<theory name="Counter__outputs_bleh__h1__axiom" sum="d41d8cd98f00b204e9800998ecf8427e" expanded="true">
</theory>
<theory name="Counter__counter__f1aux" sum="d41d8cd98f00b204e9800998ecf8427e" expanded="true">
</theory>
<theory name="Counter__counter__f1aux__axiom" sum="d41d8cd98f00b204e9800998ecf8427e" expanded="true">
</theory>
<theory name="Counter__counter__f2aux" sum="d41d8cd98f00b204e9800998ecf8427e" expanded="true">
</theory>
<theory name="Counter__counter__f2aux__axiom" sum="d41d8cd98f00b204e9800998ecf8427e" expanded="true">
</theory>
<theory name="Counter__counter__f3aux" sum="d41d8cd98f00b204e9800998ecf8427e" expanded="true">
</theory>
<theory name="Counter__counter__f3aux__axiom" sum="d41d8cd98f00b204e9800998ecf8427e" expanded="true">
</theory>
<theory name="Counter__counter__a" sum="d41d8cd98f00b204e9800998ecf8427e" expanded="true">
</theory>
<theory name="Counter__counter__a__axiom" sum="d41d8cd98f00b204e9800998ecf8427e" expanded="true">
</theory>
<theory name="Counter__counter__b" sum="d41d8cd98f00b204e9800998ecf8427e" expanded="true">
</theory>
<theory name="Counter__counter__b__axiom" sum="d41d8cd98f00b204e9800998ecf8427e" expanded="true">
</theory>
<theory name="Counter__counter__c" sum="d41d8cd98f00b204e9800998ecf8427e" expanded="true">
</theory>
<theory name="Counter__counter__c__axiom" sum="d41d8cd98f00b204e9800998ecf8427e" expanded="true">
</theory>
<theory name="Counter__counter__d" sum="d41d8cd98f00b204e9800998ecf8427e" expanded="true">
</theory>
<theory name="Counter__counter__d__axiom" sum="d41d8cd98f00b204e9800998ecf8427e" expanded="true">
</theory>
<theory name="Counter__counter__e" sum="d41d8cd98f00b204e9800998ecf8427e" expanded="true">
</theory>
<theory name="Counter__counter__e__axiom" sum="d41d8cd98f00b204e9800998ecf8427e" expanded="true">
</theory>
<theory name="Counter__counter__f" sum="d41d8cd98f00b204e9800998ecf8427e" expanded="true">
</theory>
<theory name="Counter__counter__f__axiom" sum="d41d8cd98f00b204e9800998ecf8427e" expanded="true">
</theory>
<theory name="Counter__counter__digit1" sum="d41d8cd98f00b204e9800998ecf8427e" expanded="true">
</theory>
<theory name="Counter__counter__digit1__axiom" sum="d41d8cd98f00b204e9800998ecf8427e" expanded="true">
</theory>
<theory name="Counter__counter__digit2" sum="d41d8cd98f00b204e9800998ecf8427e" expanded="true">
</theory>
<theory name="Counter__counter__digit2__axiom" sum="d41d8cd98f00b204e9800998ecf8427e" expanded="true">
</theory>
<theory name="Counter__counter__digit3" sum="d41d8cd98f00b204e9800998ecf8427e" expanded="true">
</theory>
<theory name="Counter__counter__digit3__axiom" sum="d41d8cd98f00b204e9800998ecf8427e" expanded="true">
</theory>
<theory name="Counter__outputs_bleh__f1aux" sum="d41d8cd98f00b204e9800998ecf8427e" expanded="true">
</theory>
<theory name="Counter__outputs_bleh__f1aux__axiom" sum="d41d8cd98f00b204e9800998ecf8427e" expanded="true">
</theory>
<theory name="Counter__outputs_bleh__f2aux" sum="d41d8cd98f00b204e9800998ecf8427e" expanded="true">
</theory>
<theory name="Counter__outputs_bleh__f2aux__axiom" sum="d41d8cd98f00b204e9800998ecf8427e" expanded="true">
</theory>
<theory name="Counter__outputs_bleh__f3aux" sum="d41d8cd98f00b204e9800998ecf8427e" expanded="true">
</theory>
<theory name="Counter__outputs_bleh__f3aux__axiom" sum="d41d8cd98f00b204e9800998ecf8427e" expanded="true">
</theory>
<theory name="Counter__outputs_bleh__a" sum="d41d8cd98f00b204e9800998ecf8427e" expanded="true">
</theory>
<theory name="Counter__outputs_bleh__a__axiom" sum="d41d8cd98f00b204e9800998ecf8427e" expanded="true">
</theory>
<theory name="Counter__outputs_bleh__b" sum="d41d8cd98f00b204e9800998ecf8427e" expanded="true">
</theory>
<theory name="Counter__outputs_bleh__b__axiom" sum="d41d8cd98f00b204e9800998ecf8427e" expanded="true">
</theory>
<theory name="Counter__outputs_bleh__c" sum="d41d8cd98f00b204e9800998ecf8427e" expanded="true">
</theory>
<theory name="Counter__outputs_bleh__c__axiom" sum="d41d8cd98f00b204e9800998ecf8427e" expanded="true">
</theory>
<theory name="Counter__outputs_bleh__d" sum="d41d8cd98f00b204e9800998ecf8427e" expanded="true">
</theory>
<theory name="Counter__outputs_bleh__d__axiom" sum="d41d8cd98f00b204e9800998ecf8427e" expanded="true">
</theory>
<theory name="Counter__outputs_bleh__e" sum="d41d8cd98f00b204e9800998ecf8427e" expanded="true">
</theory>
<theory name="Counter__outputs_bleh__e__axiom" sum="d41d8cd98f00b204e9800998ecf8427e" expanded="true">
</theory>
<theory name="Counter__outputs_bleh__f" sum="d41d8cd98f00b204e9800998ecf8427e" expanded="true">
</theory>
<theory name="Counter__outputs_bleh__f__axiom" sum="d41d8cd98f00b204e9800998ecf8427e" expanded="true">
</theory>
<theory name="Counter__outputs_bleh" sum="d41d8cd98f00b204e9800998ecf8427e" expanded="true">
</theory>
<theory name="Standard__short_short_integer__axiom" sum="d41d8cd98f00b204e9800998ecf8427e" expanded="true">
</theory>
<theory name="Standard__short_integer__axiom" sum="d41d8cd98f00b204e9800998ecf8427e" expanded="true">
</theory>
<theory name="Standard__integer__axiom" sum="d41d8cd98f00b204e9800998ecf8427e" expanded="true">
</theory>
<theory name="Standard__long_integer__axiom" sum="d41d8cd98f00b204e9800998ecf8427e" expanded="true">
</theory>
<theory name="Standard__long_long_integer__axiom" sum="d41d8cd98f00b204e9800998ecf8427e" expanded="true">
</theory>
<theory name="Standard__natural__axiom" sum="d41d8cd98f00b204e9800998ecf8427e" expanded="true">
</theory>
<theory name="Standard__positive__axiom" sum="d41d8cd98f00b204e9800998ecf8427e" expanded="true">
</theory>
<theory name="Standard__short_float__axiom" sum="d41d8cd98f00b204e9800998ecf8427e" expanded="true">
</theory>
<theory name="Standard__float__axiom" sum="d41d8cd98f00b204e9800998ecf8427e" expanded="true">
</theory>
<theory name="Standard__long_float__axiom" sum="d41d8cd98f00b204e9800998ecf8427e" expanded="true">
</theory>
<theory name="Standard__long_long_float__axiom" sum="d41d8cd98f00b204e9800998ecf8427e" expanded="true">
</theory>
<theory name="Standard__character__axiom" sum="d41d8cd98f00b204e9800998ecf8427e" expanded="true">
</theory>
<theory name="Standard__wide_character__axiom" sum="d41d8cd98f00b204e9800998ecf8427e" expanded="true">
</theory>
<theory name="Standard__wide_wide_character__axiom" sum="d41d8cd98f00b204e9800998ecf8427e" expanded="true">
</theory>
<theory name="Standard__string__axiom" sum="d41d8cd98f00b204e9800998ecf8427e" expanded="true">
</theory>
<theory name="Standard__wide_string__axiom" sum="d41d8cd98f00b204e9800998ecf8427e" expanded="true">
</theory>
<theory name="Standard__wide_wide_string__axiom" sum="d41d8cd98f00b204e9800998ecf8427e" expanded="true">
</theory>
<theory name="Standard__duration__axiom" sum="d41d8cd98f00b204e9800998ecf8427e" expanded="true">
</theory>
<theory name="Standard__integer_8__axiom" sum="d41d8cd98f00b204e9800998ecf8427e" expanded="true">
</theory>
<theory name="Standard__integer_16__axiom" sum="d41d8cd98f00b204e9800998ecf8427e" expanded="true">
</theory>
<theory name="Standard__integer_32__axiom" sum="d41d8cd98f00b204e9800998ecf8427e" expanded="true">
</theory>
<theory name="Standard__integer_64__axiom" sum="d41d8cd98f00b204e9800998ecf8427e" expanded="true">
</theory>
<theory name="Standard__universal_integer__axiom" sum="d41d8cd98f00b204e9800998ecf8427e" expanded="true">
</theory>
<theory name="Standard__universal_real__axiom" sum="d41d8cd98f00b204e9800998ecf8427e" expanded="true">
</theory>
<theory name="Counter__TdigitB__axiom" sum="d41d8cd98f00b204e9800998ecf8427e" expanded="true">
</theory>
<theory name="Counter__digit__axiom" sum="d41d8cd98f00b204e9800998ecf8427e" expanded="true">
</theory>
<theory name="Counter__three_digit_number__axiom" sum="d41d8cd98f00b204e9800998ecf8427e" expanded="true">
</theory>
<theory name="Counter__outputs_bleh__axiom" sum="d41d8cd98f00b204e9800998ecf8427e" expanded="true">
</theory>
<theory name="Counter__counter__axiom" sum="d41d8cd98f00b204e9800998ecf8427e" expanded="true">
</theory>
<theory name="Counter__package_def" sum="a97d7913d9490668791940f47ab56a9f" expanded="true">
 <goal name="WP_parameter def" expl="VC for def" expanded="true">
 <transf name="split_goal_wp" expanded="true">
 </transf>
 </goal>
</theory>
<theory name="Counter__outputs_bleh__subprogram_def" sum="d9fafc5e449db13f15069b63593eea99" expanded="true">
 <goal name="WP_parameter def" expl="VC for def" expanded="true">
 <transf name="split_goal_wp" expanded="true">
  <goal name="WP_parameter def.1" expl="1. VC for def">
  <proof prover="1"><result status="valid" time="0.01"/></proof>
  </goal>
  <goal name="WP_parameter def.2" expl="2. VC for def">
  <proof prover="1"><result status="valid" time="0.01"/></proof>
  </goal>
  <goal name="WP_parameter def.3" expl="3. VC for def">
  <proof prover="1"><result status="valid" time="0.01"/></proof>
  </goal>
  <goal name="WP_parameter def.4" expl="4. VC for def">
  <proof prover="1"><result status="valid" time="0.00"/></proof>
  </goal>
  <goal name="WP_parameter def.5" expl="5. VC for def">
  <proof prover="1"><result status="valid" time="0.01"/></proof>
  </goal>
  <goal name="WP_parameter def.6" expl="6. VC for def">
  <proof prover="1"><result status="valid" time="0.01"/></proof>
  </goal>
  <goal name="WP_parameter def.7" expl="7. VC for def">
  <proof prover="1"><result status="valid" time="0.01"/></proof>
  </goal>
  <goal name="WP_parameter def.8" expl="8. VC for def">
  <proof prover="1"><result status="valid" time="0.01"/></proof>
  </goal>
  <goal name="WP_parameter def.9" expl="9. VC for def">
  <proof prover="1"><result status="valid" time="0.01"/></proof>
  </goal>
  <goal name="WP_parameter def.10" expl="10. VC for def">
  <proof prover="1"><result status="valid" time="0.01"/></proof>
  </goal>
  <goal name="WP_parameter def.11" expl="11. VC for def">
  <proof prover="1"><result status="valid" time="0.01"/></proof>
  </goal>
  <goal name="WP_parameter def.12" expl="12. VC for def">
  <proof prover="1"><result status="valid" time="0.02"/></proof>
  </goal>
  <goal name="WP_parameter def.13" expl="13. VC for def">
  <proof prover="1"><result status="valid" time="0.01"/></proof>
  </goal>
  <goal name="WP_parameter def.14" expl="14. VC for def">
  <proof prover="1"><result status="valid" time="0.02"/></proof>
  </goal>
  <goal name="WP_parameter def.15" expl="15. VC for def">
  <proof prover="1"><result status="valid" time="0.02"/></proof>
  </goal>
  <goal name="WP_parameter def.16" expl="16. VC for def">
  <proof prover="1"><result status="valid" time="0.02"/></proof>
  </goal>
 </transf>
 </goal>
</theory>
<theory name="Counter__counter__subprogram_def" sum="c5b47a7372f5d5592832e074e30d29c9" expanded="true">
 <goal name="WP_parameter def" expl="VC for def" expanded="true">
 <transf name="split_goal_wp" expanded="true">
  <goal name="WP_parameter def.1" expl="1. VC for def">
  <proof prover="1"><result status="valid" time="0.01"/></proof>
  </goal>
  <goal name="WP_parameter def.2" expl="2. VC for def">
  <proof prover="1"><result status="valid" time="0.01"/></proof>
  </goal>
  <goal name="WP_parameter def.3" expl="3. VC for def">
  <proof prover="1"><result status="valid" time="0.01"/></proof>
  </goal>
  <goal name="WP_parameter def.4" expl="4. VC for def">
  <proof prover="1"><result status="valid" time="0.01"/></proof>
  </goal>
  <goal name="WP_parameter def.5" expl="5. VC for def">
  <proof prover="1"><result status="valid" time="0.01"/></proof>
  </goal>
  <goal name="WP_parameter def.6" expl="6. VC for def">
  <proof prover="1"><result status="valid" time="0.01"/></proof>
  </goal>
  <goal name="WP_parameter def.7" expl="7. VC for def">
  <proof prover="1"><result status="valid" time="0.01"/></proof>
  </goal>
  <goal name="WP_parameter def.8" expl="8. VC for def">
  <proof prover="1"><result status="valid" time="0.01"/></proof>
  </goal>
  <goal name="WP_parameter def.9" expl="9. VC for def">
  <proof prover="1"><result status="valid" time="0.02"/></proof>
  </goal>
  <goal name="WP_parameter def.10" expl="10. VC for def">
  <proof prover="1"><result status="valid" time="0.01"/></proof>
  </goal>
  <goal name="WP_parameter def.11" expl="11. VC for def">
  <proof prover="0" obsolete="true"><result status="unknown" time="0.91"/></proof>
  <proof prover="1"><result status="valid" time="0.02"/></proof>
  </goal>
  <goal name="WP_parameter def.12" expl="12. VC for def">
  <proof prover="1"><result status="valid" time="0.02"/></proof>
  </goal>
  <goal name="WP_parameter def.13" expl="13. VC for def">
  <proof prover="1"><result status="valid" time="0.02"/></proof>
  </goal>
 </transf>
 </goal>
</theory>
</file>
</why3session>
