<?xml version="1.0"?>
<Locations >
  <Project>
    <vfs_file>/home/students/590850/Critical_Systems_Coursework/Coursework Submission/2/e/main.gpr</vfs_file>
    <file_marker column=" 1" line=" 1" >
      <vfs_project />
      <vfs_file>/home/students/590850/Critical_Systems_Coursework/Coursework</vfs_file>
    </file_marker>
    <file_marker column=" 1" line=" 1" >
      <vfs_project />
      <vfs_file>/home/students/590850/Critical_Systems_Coursework/Coursework Submission/2/e/main.gpr</vfs_file>
    </file_marker>
    <file_marker column=" 1" line=" 11" >
      <vfs_project />
      <vfs_file>/home/students/590850/Critical_Systems_Coursework/Coursework Submission/2/e/main.gpr</vfs_file>
    </file_marker>
    <file_marker column=" 1" line=" 1" >
      <vfs_project>/home/students/590850/Critical_Systems_Coursework/Coursework Submission/2/e/main.gpr</vfs_project>
      <vfs_file>/home/students/590850/Critical_Systems_Coursework/Coursework Submission/2/e/looper.adb</vfs_file>
    </file_marker>
    <file_marker column=" 1" line=" 1" >
      <vfs_project>/home/students/590850/Critical_Systems_Coursework/Coursework Submission/2/e/main.gpr</vfs_project>
      <vfs_file>/home/students/590850/Critical_Systems_Coursework/Coursework Submission/2/e/looper.ads</vfs_file>
    </file_marker>
    <file_marker current="true" column=" 1" line=" 1" >
      <vfs_project>/home/students/590850/Critical_Systems_Coursework/Coursework Submission/2/e/main.gpr</vfs_project>
      <vfs_file>/home/students/590850/Critical_Systems_Coursework/Coursework Submission/2/e/main.adb</vfs_file>
    </file_marker>
  </Project>
  <Project >
    <vfs_file >/home/students/590850/this_is_driving_me_crazy/2/main.gpr</vfs_file>
    <file_marker column=" 1" line=" 1">
      <vfs_project  />
      <vfs_file >/home/students/590850/this_is_driving_me_crazy/2/main.gpr</vfs_file>
    </file_marker>
    <file_marker column=" 41" line=" 8">
      <vfs_project >/home/students/590850/this_is_driving_me_crazy/2/main.gpr</vfs_project>
      <vfs_file >/home/students/590850/this_is_driving_me_crazy/2/loopy.ads</vfs_file>
    </file_marker>
    <file_marker column=" 15" line=" 36">
      <vfs_project >/home/students/590850/this_is_driving_me_crazy/2/main.gpr</vfs_project>
      <vfs_file >/home/students/590850/this_is_driving_me_crazy/2/loopy.adb</vfs_file>
    </file_marker>
    <file_marker column=" 1" line=" 1">
      <vfs_project  />
      <vfs_file >/home/students/590850/this_is_driving_me_crazy/2/main.gpr</vfs_file>
    </file_marker>
    <file_marker column=" 1" line=" 32">
      <vfs_project >/home/students/590850/this_is_driving_me_crazy/2/main.gpr</vfs_project>
      <vfs_file >/home/students/590850/this_is_driving_me_crazy/2/loopy.adb</vfs_file>
    </file_marker>
    <file_marker column=" 6" line=" 3">
      <vfs_project >/home/students/590850/this_is_driving_me_crazy/2/main.gpr</vfs_project>
      <vfs_file >/home/students/590850/this_is_driving_me_crazy/2/main.adb</vfs_file>
    </file_marker>
    <file_marker column=" 11" line=" 4">
      <vfs_project >/home/students/590850/this_is_driving_me_crazy/2/main.gpr</vfs_project>
      <vfs_file >/home/students/590850/this_is_driving_me_crazy/2/main.adb</vfs_file>
    </file_marker>
    <file_marker column=" 6" line=" 3">
      <vfs_project >/home/students/590850/this_is_driving_me_crazy/2/main.gpr</vfs_project>
      <vfs_file >/home/students/590850/this_is_driving_me_crazy/2/main.adb</vfs_file>
    </file_marker>
    <file_marker column=" 1" line=" 23">
      <vfs_project >/home/students/590850/this_is_driving_me_crazy/2/main.gpr</vfs_project>
      <vfs_file >/home/students/590850/this_is_driving_me_crazy/2/main.adb</vfs_file>
    </file_marker>
    <file_marker current="true" column=" 7" line=" 16">
      <vfs_project >/home/students/590850/this_is_driving_me_crazy/2/main.gpr</vfs_project>
      <vfs_file >/home/students/590850/this_is_driving_me_crazy/2/main.adb</vfs_file>
    </file_marker>
  </Project>
  <Project >
    <file_marker column=" 1" line=" 1">
      <vfs_project  />
      <vfs_file >/home/students/590850/this_is_driving_me_crazy/2/main.gpr</vfs_file>
    </file_marker>
    <file_marker column=" 1" line=" 1">
      <vfs_project >/home/students/590850/this_is_driving_me_crazy/2/main.gpr</vfs_project>
      <vfs_file >/home/students/590850/this_is_driving_me_crazy/2/loopy.ads</vfs_file>
    </file_marker>
    <file_marker column=" 14" line=" 36">
      <vfs_project >/home/students/590850/this_is_driving_me_crazy/2/main.gpr</vfs_project>
      <vfs_file >/home/students/590850/this_is_driving_me_crazy/2/loopy.adb</vfs_file>
    </file_marker>
    <file_marker current="true" column=" 1" line=" 1">
      <vfs_project  />
      <vfs_file >/home/students/590850/this_is_driving_me_crazy/2/loopy.adb</vfs_file>
    </file_marker>
  </Project>
  <Project >
    <file_marker column=" 1" line=" 1">
      <vfs_project  />
      <vfs_file >/home/students/590850/this_is_driving_me_crazy/2/main.gpr</vfs_file>
    </file_marker>
    <file_marker column=" 21" line=" 6">
      <vfs_project >/home/students/590850/this_is_driving_me_crazy/2/main.gpr</vfs_project>
      <vfs_file >/home/students/590850/this_is_driving_me_crazy/2/loopy.ads</vfs_file>
    </file_marker>
    <file_marker column=" 16" line=" 7">
      <vfs_project >/home/students/590850/this_is_driving_me_crazy/2/main.gpr</vfs_project>
      <vfs_file >/home/students/590850/this_is_driving_me_crazy/2/loopy.adb</vfs_file>
    </file_marker>
    <file_marker column=" 1" line=" 1">
      <vfs_project  />
      <vfs_file >/home/students/590850/this_is_driving_me_crazy/2/main.adb</vfs_file>
    </file_marker>
    <file_marker column=" 6" line=" 3">
      <vfs_project >/home/students/590850/this_is_driving_me_crazy/2/main.gpr</vfs_project>
      <vfs_file >/home/students/590850/this_is_driving_me_crazy/2/main.adb</vfs_file>
    </file_marker>
    <file_marker column=" 10" line=" 4">
      <vfs_project >/home/students/590850/this_is_driving_me_crazy/2/main.gpr</vfs_project>
      <vfs_file >/home/students/590850/this_is_driving_me_crazy/2/main.adb</vfs_file>
    </file_marker>
    <file_marker column=" 1" line=" 24">
      <vfs_project >/home/students/590850/this_is_driving_me_crazy/2/main.gpr</vfs_project>
      <vfs_file >/home/students/590850/this_is_driving_me_crazy/2/loopy.adb</vfs_file>
    </file_marker>
    <file_marker column=" 11" line=" 7">
      <vfs_project >/home/students/590850/this_is_driving_me_crazy/2/main.gpr</vfs_project>
      <vfs_file >/home/students/590850/this_is_driving_me_crazy/2/loopy.adb</vfs_file>
    </file_marker>
    <file_marker column=" 13" line=" 24">
      <vfs_project >/home/students/590850/this_is_driving_me_crazy/2/main.gpr</vfs_project>
      <vfs_file >/home/students/590850/this_is_driving_me_crazy/2/loopy.adb</vfs_file>
    </file_marker>
    <file_marker column=" 11" line=" 7">
      <vfs_project >/home/students/590850/this_is_driving_me_crazy/2/main.gpr</vfs_project>
      <vfs_file >/home/students/590850/this_is_driving_me_crazy/2/loopy.adb</vfs_file>
    </file_marker>
    <file_marker column=" 13" line=" 25">
      <vfs_project >/home/students/590850/this_is_driving_me_crazy/2/main.gpr</vfs_project>
      <vfs_file >/home/students/590850/this_is_driving_me_crazy/2/loopy.adb</vfs_file>
    </file_marker>
    <file_marker column=" 10" line=" 7">
      <vfs_project >/home/students/590850/this_is_driving_me_crazy/2/main.gpr</vfs_project>
      <vfs_file >/home/students/590850/this_is_driving_me_crazy/2/loopy.ads</vfs_file>
    </file_marker>
    <file_marker column=" 25" line=" 6">
      <vfs_project >/home/students/590850/this_is_driving_me_crazy/2/main.gpr</vfs_project>
      <vfs_file >/home/students/590850/this_is_driving_me_crazy/2/loopy.ads</vfs_file>
    </file_marker>
    <file_marker column=" 10" line=" 7">
      <vfs_project >/home/students/590850/this_is_driving_me_crazy/2/main.gpr</vfs_project>
      <vfs_file >/home/students/590850/this_is_driving_me_crazy/2/loopy.ads</vfs_file>
    </file_marker>
    <file_marker column=" 19" line=" 14">
      <vfs_project >/home/students/590850/this_is_driving_me_crazy/2/main.gpr</vfs_project>
      <vfs_file >/home/students/590850/this_is_driving_me_crazy/2/loopy.adb</vfs_file>
    </file_marker>
    <file_marker column=" 10" line=" 7">
      <vfs_project >/home/students/590850/this_is_driving_me_crazy/2/main.gpr</vfs_project>
      <vfs_file >/home/students/590850/this_is_driving_me_crazy/2/loopy.ads</vfs_file>
    </file_marker>
    <file_marker column=" 1" line=" 19">
      <vfs_project >/home/students/590850/this_is_driving_me_crazy/2/main.gpr</vfs_project>
      <vfs_file >/home/students/590850/this_is_driving_me_crazy/2/loopy.adb</vfs_file>
    </file_marker>
    <file_marker current="true" column=" 10" line=" 7">
      <vfs_project >/home/students/590850/this_is_driving_me_crazy/2/main.gpr</vfs_project>
      <vfs_file >/home/students/590850/this_is_driving_me_crazy/2/loopy.ads</vfs_file>
    </file_marker>
  </Project>
  <Project >
    <file_marker column=" 1" line=" 1">
      <vfs_project  />
      <vfs_file >/home/students/590850/this_is_driving_me_crazy/2/main.gpr</vfs_file>
    </file_marker>
    <file_marker column=" 24" line=" 6">
      <vfs_project >/home/students/590850/this_is_driving_me_crazy/2/main.gpr</vfs_project>
      <vfs_file >/home/students/590850/this_is_driving_me_crazy/2/loopy.ads</vfs_file>
    </file_marker>
    <file_marker column=" 19" line=" 7">
      <vfs_project >/home/students/590850/this_is_driving_me_crazy/2/main.gpr</vfs_project>
      <vfs_file >/home/students/590850/this_is_driving_me_crazy/2/loopy.adb</vfs_file>
    </file_marker>
    <file_marker column=" 1" line=" 1">
      <vfs_project  />
      <vfs_file >/home/students/590850/this_is_driving_me_crazy/2/main.adb</vfs_file>
    </file_marker>
    <file_marker column=" 6" line=" 3">
      <vfs_project >/home/students/590850/this_is_driving_me_crazy/2/main.gpr</vfs_project>
      <vfs_file >/home/students/590850/this_is_driving_me_crazy/2/main.adb</vfs_file>
    </file_marker>
    <file_marker column=" 10" line=" 4">
      <vfs_project >/home/students/590850/this_is_driving_me_crazy/2/main.gpr</vfs_project>
      <vfs_file >/home/students/590850/this_is_driving_me_crazy/2/main.adb</vfs_file>
    </file_marker>
    <file_marker column=" 1" line=" 34">
      <vfs_project >/home/students/590850/this_is_driving_me_crazy/2/main.gpr</vfs_project>
      <vfs_file >/home/students/590850/this_is_driving_me_crazy/2/loopy.adb</vfs_file>
    </file_marker>
    <file_marker column=" 14" line=" 7">
      <vfs_project >/home/students/590850/this_is_driving_me_crazy/2/main.gpr</vfs_project>
      <vfs_file >/home/students/590850/this_is_driving_me_crazy/2/loopy.adb</vfs_file>
    </file_marker>
    <file_marker column=" 7" line=" 34">
      <vfs_project >/home/students/590850/this_is_driving_me_crazy/2/main.gpr</vfs_project>
      <vfs_file >/home/students/590850/this_is_driving_me_crazy/2/loopy.adb</vfs_file>
    </file_marker>
    <file_marker column=" 14" line=" 7">
      <vfs_project >/home/students/590850/this_is_driving_me_crazy/2/main.gpr</vfs_project>
      <vfs_file >/home/students/590850/this_is_driving_me_crazy/2/loopy.adb</vfs_file>
    </file_marker>
    <file_marker column=" 13" line=" 35">
      <vfs_project >/home/students/590850/this_is_driving_me_crazy/2/main.gpr</vfs_project>
      <vfs_file >/home/students/590850/this_is_driving_me_crazy/2/loopy.adb</vfs_file>
    </file_marker>
    <file_marker column=" 6" line=" 8">
      <vfs_project >/home/students/590850/this_is_driving_me_crazy/2/main.gpr</vfs_project>
      <vfs_file >/home/students/590850/this_is_driving_me_crazy/2/loopy.ads</vfs_file>
    </file_marker>
    <file_marker column=" 28" line=" 6">
      <vfs_project >/home/students/590850/this_is_driving_me_crazy/2/main.gpr</vfs_project>
      <vfs_file >/home/students/590850/this_is_driving_me_crazy/2/loopy.ads</vfs_file>
    </file_marker>
    <file_marker column=" 6" line=" 8">
      <vfs_project >/home/students/590850/this_is_driving_me_crazy/2/main.gpr</vfs_project>
      <vfs_file >/home/students/590850/this_is_driving_me_crazy/2/loopy.ads</vfs_file>
    </file_marker>
    <file_marker column=" 1" line=" 20">
      <vfs_project >/home/students/590850/this_is_driving_me_crazy/2/main.gpr</vfs_project>
      <vfs_file >/home/students/590850/this_is_driving_me_crazy/2/loopy.adb</vfs_file>
    </file_marker>
    <file_marker column=" 6" line=" 8">
      <vfs_project >/home/students/590850/this_is_driving_me_crazy/2/main.gpr</vfs_project>
      <vfs_file >/home/students/590850/this_is_driving_me_crazy/2/loopy.ads</vfs_file>
    </file_marker>
    <file_marker column=" 20" line=" 29">
      <vfs_project >/home/students/590850/this_is_driving_me_crazy/2/main.gpr</vfs_project>
      <vfs_file >/home/students/590850/this_is_driving_me_crazy/2/loopy.adb</vfs_file>
    </file_marker>
    <file_marker column=" 6" line=" 8">
      <vfs_project >/home/students/590850/this_is_driving_me_crazy/2/main.gpr</vfs_project>
      <vfs_file >/home/students/590850/this_is_driving_me_crazy/2/loopy.ads</vfs_file>
    </file_marker>
    <file_marker column=" 26" line=" 16">
      <vfs_project >/home/students/590850/this_is_driving_me_crazy/2/main.gpr</vfs_project>
      <vfs_file >/home/students/590850/this_is_driving_me_crazy/2/main.adb</vfs_file>
    </file_marker>
    <file_marker column=" 16" line=" 20">
      <vfs_project >/home/students/590850/this_is_driving_me_crazy/2/main.gpr</vfs_project>
      <vfs_file >/home/students/590850/this_is_driving_me_crazy/2/main.adb</vfs_file>
    </file_marker>
    <file_marker column=" 19" line=" 22">
      <vfs_project >/home/students/590850/this_is_driving_me_crazy/2/main.gpr</vfs_project>
      <vfs_file >/home/students/590850/this_is_driving_me_crazy/2/loopy.adb</vfs_file>
    </file_marker>
    <file_marker column=" 27" line=" 28">
      <vfs_project >/home/students/590850/this_is_driving_me_crazy/2/main.gpr</vfs_project>
      <vfs_file >/home/students/590850/this_is_driving_me_crazy/2/loopy.adb</vfs_file>
    </file_marker>
    <file_marker column=" 13" line=" 23">
      <vfs_project >/home/students/590850/this_is_driving_me_crazy/2/main.gpr</vfs_project>
      <vfs_file >/home/students/590850/this_is_driving_me_crazy/2/loopy.adb</vfs_file>
    </file_marker>
    <file_marker column=" 7" line=" 16">
      <vfs_project >/home/students/590850/this_is_driving_me_crazy/2/main.gpr</vfs_project>
      <vfs_file >/home/students/590850/this_is_driving_me_crazy/2/loopy.adb</vfs_file>
    </file_marker>
    <file_marker column=" 7" line=" 12">
      <vfs_project >/home/students/590850/this_is_driving_me_crazy/2/main.gpr</vfs_project>
      <vfs_file >/home/students/590850/this_is_driving_me_crazy/2/loopy.adb</vfs_file>
    </file_marker>
    <file_marker column=" 61" line=" 7">
      <vfs_project >/home/students/590850/this_is_driving_me_crazy/2/main.gpr</vfs_project>
      <vfs_file >/home/students/590850/this_is_driving_me_crazy/2/loopy.adb</vfs_file>
    </file_marker>
    <file_marker column=" 32" line=" 8">
      <vfs_project >/home/students/590850/this_is_driving_me_crazy/2/main.gpr</vfs_project>
      <vfs_file >/home/students/590850/this_is_driving_me_crazy/2/main.adb</vfs_file>
    </file_marker>
    <file_marker column=" 44" line=" 7">
      <vfs_project >/home/students/590850/this_is_driving_me_crazy/2/main.gpr</vfs_project>
      <vfs_file >/home/students/590850/this_is_driving_me_crazy/2/loopy.adb</vfs_file>
    </file_marker>
    <file_marker column=" 4" line=" 8">
      <vfs_project >/home/students/590850/this_is_driving_me_crazy/2/main.gpr</vfs_project>
      <vfs_file >/home/students/590850/this_is_driving_me_crazy/2/loopy.adb</vfs_file>
    </file_marker>
    <file_marker column=" 53" line=" 7">
      <vfs_project >/home/students/590850/this_is_driving_me_crazy/2/main.gpr</vfs_project>
      <vfs_file >/home/students/590850/this_is_driving_me_crazy/2/loopy.adb</vfs_file>
    </file_marker>
    <file_marker column=" 32" line=" 8">
      <vfs_project >/home/students/590850/this_is_driving_me_crazy/2/main.gpr</vfs_project>
      <vfs_file >/home/students/590850/this_is_driving_me_crazy/2/main.adb</vfs_file>
    </file_marker>
    <file_marker column=" 53" line=" 7">
      <vfs_project >/home/students/590850/this_is_driving_me_crazy/2/main.gpr</vfs_project>
      <vfs_file >/home/students/590850/this_is_driving_me_crazy/2/loopy.adb</vfs_file>
    </file_marker>
    <file_marker column=" 4" line=" 8">
      <vfs_project >/home/students/590850/this_is_driving_me_crazy/2/main.gpr</vfs_project>
      <vfs_file >/home/students/590850/this_is_driving_me_crazy/2/loopy.adb</vfs_file>
    </file_marker>
    <file_marker column=" 53" line=" 7">
      <vfs_project >/home/students/590850/this_is_driving_me_crazy/2/main.gpr</vfs_project>
      <vfs_file >/home/students/590850/this_is_driving_me_crazy/2/loopy.adb</vfs_file>
    </file_marker>
    <file_marker column=" 4" line=" 8">
      <vfs_project >/home/students/590850/this_is_driving_me_crazy/2/main.gpr</vfs_project>
      <vfs_file >/home/students/590850/this_is_driving_me_crazy/2/loopy.adb</vfs_file>
    </file_marker>
    <file_marker column=" 53" line=" 7">
      <vfs_project >/home/students/590850/this_is_driving_me_crazy/2/main.gpr</vfs_project>
      <vfs_file >/home/students/590850/this_is_driving_me_crazy/2/loopy.adb</vfs_file>
    </file_marker>
    <file_marker column=" 45" line=" 6">
      <vfs_project >/home/students/590850/this_is_driving_me_crazy/2/main.gpr</vfs_project>
      <vfs_file >/home/students/590850/this_is_driving_me_crazy/2/loopy.ads</vfs_file>
    </file_marker>
    <file_marker column=" 7" line=" 16">
      <vfs_project >/home/students/590850/this_is_driving_me_crazy/2/main.gpr</vfs_project>
      <vfs_file >/home/students/590850/this_is_driving_me_crazy/2/main.adb</vfs_file>
    </file_marker>
    <file_marker column=" 62" line=" 7">
      <vfs_project >/home/students/590850/this_is_driving_me_crazy/2/main.gpr</vfs_project>
      <vfs_file >/home/students/590850/this_is_driving_me_crazy/2/loopy.adb</vfs_file>
    </file_marker>
    <file_marker column=" 7" line=" 16">
      <vfs_project >/home/students/590850/this_is_driving_me_crazy/2/main.gpr</vfs_project>
      <vfs_file >/home/students/590850/this_is_driving_me_crazy/2/main.adb</vfs_file>
    </file_marker>
    <file_marker column=" 15" line=" 8">
      <vfs_project >/home/students/590850/this_is_driving_me_crazy/2/main.gpr</vfs_project>
      <vfs_file >/home/students/590850/this_is_driving_me_crazy/2/main.adb</vfs_file>
    </file_marker>
    <file_marker column=" 49" line=" 6">
      <vfs_project >/home/students/590850/this_is_driving_me_crazy/2/main.gpr</vfs_project>
      <vfs_file >/home/students/590850/this_is_driving_me_crazy/2/loopy.ads</vfs_file>
    </file_marker>
    <file_marker column=" 1" line=" 8">
      <vfs_project >/home/students/590850/this_is_driving_me_crazy/2/main.gpr</vfs_project>
      <vfs_file >/home/students/590850/this_is_driving_me_crazy/2/loopy.ads</vfs_file>
    </file_marker>
    <file_marker column=" 77" line=" 6">
      <vfs_project >/home/students/590850/this_is_driving_me_crazy/2/main.gpr</vfs_project>
      <vfs_file >/home/students/590850/this_is_driving_me_crazy/2/loopy.ads</vfs_file>
    </file_marker>
    <file_marker column=" 6" line=" 12">
      <vfs_project >/home/students/590850/this_is_driving_me_crazy/2/main.gpr</vfs_project>
      <vfs_file >/home/students/590850/this_is_driving_me_crazy/2/loopy.ads</vfs_file>
    </file_marker>
    <file_marker column=" 77" line=" 6">
      <vfs_project >/home/students/590850/this_is_driving_me_crazy/2/main.gpr</vfs_project>
      <vfs_file >/home/students/590850/this_is_driving_me_crazy/2/loopy.ads</vfs_file>
    </file_marker>
    <file_marker column=" 14" line=" 13">
      <vfs_project >/home/students/590850/this_is_driving_me_crazy/2/main.gpr</vfs_project>
      <vfs_file >/home/students/590850/this_is_driving_me_crazy/2/loopy.ads</vfs_file>
    </file_marker>
    <file_marker column=" 1" line=" 8">
      <vfs_project >/home/students/590850/this_is_driving_me_crazy/2/main.gpr</vfs_project>
      <vfs_file >/home/students/590850/this_is_driving_me_crazy/2/loopy.ads</vfs_file>
    </file_marker>
    <file_marker column=" 6" line=" 8">
      <vfs_project >/home/students/590850/this_is_driving_me_crazy/2/main.gpr</vfs_project>
      <vfs_file >/home/students/590850/this_is_driving_me_crazy/2/loopy.ads</vfs_file>
    </file_marker>
    <file_marker column=" 67" line=" 18">
      <vfs_project >/home/students/590850/this_is_driving_me_crazy/2/main.gpr</vfs_project>
      <vfs_file >/home/students/590850/this_is_driving_me_crazy/2/loopy.adb</vfs_file>
    </file_marker>
    <file_marker column=" 26" line=" 9">
      <vfs_project >/home/students/590850/this_is_driving_me_crazy/2/main.gpr</vfs_project>
      <vfs_file >/home/students/590850/this_is_driving_me_crazy/2/loopy.ads</vfs_file>
    </file_marker>
    <file_marker column=" 6" line=" 8">
      <vfs_project >/home/students/590850/this_is_driving_me_crazy/2/main.gpr</vfs_project>
      <vfs_file >/home/students/590850/this_is_driving_me_crazy/2/loopy.ads</vfs_file>
    </file_marker>
    <file_marker column=" 1" line=" 9">
      <vfs_project >/home/students/590850/this_is_driving_me_crazy/2/main.gpr</vfs_project>
      <vfs_file >/home/students/590850/this_is_driving_me_crazy/2/loopy.ads</vfs_file>
    </file_marker>
    <file_marker column=" 25" line=" 6">
      <vfs_project >/home/students/590850/this_is_driving_me_crazy/2/main.gpr</vfs_project>
      <vfs_file >/home/students/590850/this_is_driving_me_crazy/2/loopy.ads</vfs_file>
    </file_marker>
    <file_marker column=" 23" line=" 9">
      <vfs_project >/home/students/590850/this_is_driving_me_crazy/2/main.gpr</vfs_project>
      <vfs_file >/home/students/590850/this_is_driving_me_crazy/2/loopy.ads</vfs_file>
    </file_marker>
    <file_marker column=" 49" line=" 6">
      <vfs_project >/home/students/590850/this_is_driving_me_crazy/2/main.gpr</vfs_project>
      <vfs_file >/home/students/590850/this_is_driving_me_crazy/2/loopy.ads</vfs_file>
    </file_marker>
    <file_marker column=" 50" line=" 9">
      <vfs_project >/home/students/590850/this_is_driving_me_crazy/2/main.gpr</vfs_project>
      <vfs_file >/home/students/590850/this_is_driving_me_crazy/2/loopy.ads</vfs_file>
    </file_marker>
    <file_marker column=" 30" line=" 8">
      <vfs_project >/home/students/590850/this_is_driving_me_crazy/2/main.gpr</vfs_project>
      <vfs_file >/home/students/590850/this_is_driving_me_crazy/2/loopy.ads</vfs_file>
    </file_marker>
    <file_marker column=" 46" line=" 6">
      <vfs_project >/home/students/590850/this_is_driving_me_crazy/2/main.gpr</vfs_project>
      <vfs_file >/home/students/590850/this_is_driving_me_crazy/2/loopy.ads</vfs_file>
    </file_marker>
    <file_marker column=" 7" line=" 16">
      <vfs_project >/home/students/590850/this_is_driving_me_crazy/2/main.gpr</vfs_project>
      <vfs_file >/home/students/590850/this_is_driving_me_crazy/2/main.adb</vfs_file>
    </file_marker>
    <file_marker column=" 14" line=" 8">
      <vfs_project >/home/students/590850/this_is_driving_me_crazy/2/main.gpr</vfs_project>
      <vfs_file >/home/students/590850/this_is_driving_me_crazy/2/main.adb</vfs_file>
    </file_marker>
    <file_marker column=" 14" line=" 7">
      <vfs_project >/home/students/590850/this_is_driving_me_crazy/2/main.gpr</vfs_project>
      <vfs_file >/home/students/590850/this_is_driving_me_crazy/2/loopy.adb</vfs_file>
    </file_marker>
    <file_marker column=" 4" line=" 8">
      <vfs_project >/home/students/590850/this_is_driving_me_crazy/2/main.gpr</vfs_project>
      <vfs_file >/home/students/590850/this_is_driving_me_crazy/2/loopy.adb</vfs_file>
    </file_marker>
    <file_marker column=" 14" line=" 7">
      <vfs_project >/home/students/590850/this_is_driving_me_crazy/2/main.gpr</vfs_project>
      <vfs_file >/home/students/590850/this_is_driving_me_crazy/2/loopy.adb</vfs_file>
    </file_marker>
    <file_marker column=" 4" line=" 8">
      <vfs_project >/home/students/590850/this_is_driving_me_crazy/2/main.gpr</vfs_project>
      <vfs_file >/home/students/590850/this_is_driving_me_crazy/2/loopy.adb</vfs_file>
    </file_marker>
    <file_marker column=" 14" line=" 7">
      <vfs_project >/home/students/590850/this_is_driving_me_crazy/2/main.gpr</vfs_project>
      <vfs_file >/home/students/590850/this_is_driving_me_crazy/2/loopy.adb</vfs_file>
    </file_marker>
    <file_marker column=" 46" line=" 6">
      <vfs_project >/home/students/590850/this_is_driving_me_crazy/2/main.gpr</vfs_project>
      <vfs_file >/home/students/590850/this_is_driving_me_crazy/2/loopy.ads</vfs_file>
    </file_marker>
    <file_marker column=" 15" line=" 12">
      <vfs_project >/home/students/590850/this_is_driving_me_crazy/2/main.gpr</vfs_project>
      <vfs_file >/home/students/590850/this_is_driving_me_crazy/2/loopy.adb</vfs_file>
    </file_marker>
    <file_marker column=" 48" line=" 11">
      <vfs_project >/home/students/590850/this_is_driving_me_crazy/2/main.gpr</vfs_project>
      <vfs_file >/home/students/590850/this_is_driving_me_crazy/2/loopy.ads</vfs_file>
    </file_marker>
    <file_marker column=" 50" line=" 9">
      <vfs_project >/home/students/590850/this_is_driving_me_crazy/2/main.gpr</vfs_project>
      <vfs_file >/home/students/590850/this_is_driving_me_crazy/2/loopy.ads</vfs_file>
    </file_marker>
    <file_marker column=" 14" line=" 11">
      <vfs_project >/home/students/590850/this_is_driving_me_crazy/2/main.gpr</vfs_project>
      <vfs_file >/home/students/590850/this_is_driving_me_crazy/2/loopy.ads</vfs_file>
    </file_marker>
    <file_marker column=" 77" line=" 6">
      <vfs_project >/home/students/590850/this_is_driving_me_crazy/2/main.gpr</vfs_project>
      <vfs_file >/home/students/590850/this_is_driving_me_crazy/2/loopy.ads</vfs_file>
    </file_marker>
    <file_marker column=" 6" line=" 8">
      <vfs_project >/home/students/590850/this_is_driving_me_crazy/2/main.gpr</vfs_project>
      <vfs_file >/home/students/590850/this_is_driving_me_crazy/2/loopy.ads</vfs_file>
    </file_marker>
    <file_marker column=" 14" line=" 11">
      <vfs_project >/home/students/590850/this_is_driving_me_crazy/2/main.gpr</vfs_project>
      <vfs_file >/home/students/590850/this_is_driving_me_crazy/2/loopy.ads</vfs_file>
    </file_marker>
    <file_marker column=" 14" line=" 6">
      <vfs_project >/home/students/590850/this_is_driving_me_crazy/2/main.gpr</vfs_project>
      <vfs_file >/home/students/590850/this_is_driving_me_crazy/2/loopy.ads</vfs_file>
    </file_marker>
    <file_marker column=" 15" line=" 12">
      <vfs_project >/home/students/590850/this_is_driving_me_crazy/2/main.gpr</vfs_project>
      <vfs_file >/home/students/590850/this_is_driving_me_crazy/2/loopy.adb</vfs_file>
    </file_marker>
    <file_marker column=" 39" line=" 8">
      <vfs_project >/home/students/590850/this_is_driving_me_crazy/2/main.gpr</vfs_project>
      <vfs_file >/home/students/590850/this_is_driving_me_crazy/2/main.adb</vfs_file>
    </file_marker>
    <file_marker column=" 14" line=" 6">
      <vfs_project >/home/students/590850/this_is_driving_me_crazy/2/main.gpr</vfs_project>
      <vfs_file >/home/students/590850/this_is_driving_me_crazy/2/loopy.ads</vfs_file>
    </file_marker>
    <file_marker column=" 30" line=" 9">
      <vfs_project >/home/students/590850/this_is_driving_me_crazy/2/main.gpr</vfs_project>
      <vfs_file >/home/students/590850/this_is_driving_me_crazy/2/loopy.ads</vfs_file>
    </file_marker>
    <file_marker column=" 1" line=" 16">
      <vfs_project >/home/students/590850/this_is_driving_me_crazy/2/main.gpr</vfs_project>
      <vfs_file >/home/students/590850/this_is_driving_me_crazy/2/loopy.ads</vfs_file>
    </file_marker>
    <file_marker column=" 30" line=" 9">
      <vfs_project >/home/students/590850/this_is_driving_me_crazy/2/main.gpr</vfs_project>
      <vfs_file >/home/students/590850/this_is_driving_me_crazy/2/loopy.ads</vfs_file>
    </file_marker>
    <file_marker column=" 18" line=" 10">
      <vfs_project >/home/students/590850/this_is_driving_me_crazy/2/main.gpr</vfs_project>
      <vfs_file >/home/students/590850/this_is_driving_me_crazy/2/loopy.ads</vfs_file>
    </file_marker>
    <file_marker column=" 56" line=" 9">
      <vfs_project >/home/students/590850/this_is_driving_me_crazy/2/main.gpr</vfs_project>
      <vfs_file >/home/students/590850/this_is_driving_me_crazy/2/loopy.ads</vfs_file>
    </file_marker>
    <file_marker column=" 14" line=" 6">
      <vfs_project >/home/students/590850/this_is_driving_me_crazy/2/main.gpr</vfs_project>
      <vfs_file >/home/students/590850/this_is_driving_me_crazy/2/loopy.ads</vfs_file>
    </file_marker>
    <file_marker column=" 56" line=" 9">
      <vfs_project >/home/students/590850/this_is_driving_me_crazy/2/main.gpr</vfs_project>
      <vfs_file >/home/students/590850/this_is_driving_me_crazy/2/loopy.ads</vfs_file>
    </file_marker>
    <file_marker column=" 18" line=" 8">
      <vfs_project >/home/students/590850/this_is_driving_me_crazy/2/main.gpr</vfs_project>
      <vfs_file >/home/students/590850/this_is_driving_me_crazy/2/loopy.ads</vfs_file>
    </file_marker>
    <file_marker column=" 15" line=" 12">
      <vfs_project >/home/students/590850/this_is_driving_me_crazy/2/main.gpr</vfs_project>
      <vfs_file >/home/students/590850/this_is_driving_me_crazy/2/loopy.adb</vfs_file>
    </file_marker>
    <file_marker current="true" column=" 39" line=" 8">
      <vfs_project >/home/students/590850/this_is_driving_me_crazy/2/main.gpr</vfs_project>
      <vfs_file >/home/students/590850/this_is_driving_me_crazy/2/main.adb</vfs_file>
    </file_marker>
  </Project>
  <Project >
    <file_marker column=" 1" line=" 10">
      <vfs_project  />
      <vfs_file >/home/students/590850/this_is_driving_me_crazy/2/main.gpr</vfs_file>
    </file_marker>
    <file_marker current="true" column=" 1" line=" 1">
      <vfs_project  />
      <vfs_file >/home/students/590850/this_is_driving_me_crazy/2/loopy_loop.adb</vfs_file>
    </file_marker>
  </Project>
</Locations>
